id,job_count,preempted_job_count,start_time,finish_time,real_duration,jobs_total_duration,job_max_duration,preempted_jobs_total_duration,operation_type,operation_state,in_timeframe
2f61b4fe-6e6a7645-3f403e8-316fa9b6,4331,0,0.000000s,22.575000s,136.281558s,29438.308939s,20.383000s,0.000000s,Reduce,completed,0
f42a0560-409efe3c-3f403e8-6415a468,292,0,0.000000s,27.101000s,87.350852s,2067.276864s,14.391000s,0.000000s,MapReduce,completed,0
6d4c1318-e00cd19a-3f403e8-949bcb7f,110,0,4.856326s,28.100000s,78.863604s,760.718941s,13.963000s,0.000000s,MapReduce,completed,1
1a8dd322-47e3d91c-3f403e8-e3b975d0,2,0,18.892605s,28.325000s,46.657585s,17.598999s,9.278000s,0.000000s,Map,failed,1
6b13dec-cf609ec6-3f403e8-bee9a9de,4,0,12.334125s,29.820000s,60.064287s,57.046998s,16.742000s,0.000000s,Map,completed,1
b27b4b32-4edfd31f-3f403e8-b166b650,451,0,0.000000s,30.655000s,85.872066s,5838.937792s,29.048000s,0.000000s,Map,completed,0
58de4bb0-feabaa3e-3f403e8-2f2f5e25,146,0,6.363579s,31.550000s,80.712747s,1032.844930s,14.957000s,0.000000s,MapReduce,completed,1
cba486e5-6e3ad847-3f403e8-681ad520,46,0,12.368172s,32.700000s,63.290975s,524.525981s,19.653000s,0.000000s,Map,completed,1
42f060cd-564698a7-3f403e8-8d9f6dd1,147,0,5.173507s,32.914000s,85.529709s,1233.397945s,17.298000s,0.000000s,MapReduce,completed,1
a7c1256f-340693c6-3f403e8-73fd583b,146,0,5.251381s,34.189000s,86.011330s,1323.071933s,17.684000s,0.000000s,MapReduce,completed,1
18083bf1-68b25785-3f403e8-5ba8247e,148,0,7.796848s,34.377000s,83.266227s,1227.313934s,16.853000s,0.000000s,MapReduce,completed,1
8cb5bd17-d3e34ef7-3f403e8-3dc4edf5,218,0,0.455880s,36.383000s,99.539396s,2096.860900s,24.064000s,0.000000s,MapReduce,completed,1
e4929f3b-c6cd66bf-3f403e8-ba2b763d,147,1,8.414867s,36.773000s,83.201109s,1219.561921s,17.490000s,2.594000s,MapReduce,completed,1
2e9bf275-5f2523fc-3f403e8-a473ea24,148,0,6.356162s,38.755000s,88.583532s,1277.844919s,21.365000s,0.000000s,MapReduce,completed,1
fff5a545-581cbad8-3f403e8-41a7ed80,145,0,7.896639s,41.781000s,89.888306s,1277.101925s,22.147000s,0.000000s,MapReduce,completed,1
55020177-710834b2-3f403e8-c98332dc,147,0,7.354400s,43.094000s,89.822509s,1513.586928s,22.677000s,0.000000s,MapReduce,completed,1
2b25ccb3-6d0a518b-3f403e8-97432c96,3,0,9.947498s,43.682000s,81.250523s,49.246999s,26.206000s,0.000000s,MapReduce,completed,1
c58950e9-fd4b4b2e-3f403e8-44c748c1,1,0,36.259615s,46.869000s,31.266814s,9.788999s,9.789000s,0.000000s,Map,completed,1
b0e8d851-23b57ea3-3f403e8-5006c7cb,10,0,12.990569s,47.145000s,80.612520s,189.632996s,24.799000s,0.000000s,MapReduce,completed,1
17c4434d-8d669906-3f403e8-3c78ecb0,38,0,0.000000s,52.731000s,141.225856s,491.304980s,29.602000s,0.000000s,MapReduce,completed,0
eec3d506-2d335a26-3f403e8-b9053584,1,0,34.099166s,52.897000s,40.267170s,17.820999s,17.821000s,0.000000s,Sort,completed,1
83d37fda-b5745391-3f403e8-af6ee709,1,0,34.104146s,56.567000s,44.860632s,21.250999s,21.251000s,0.000000s,Vanilla,completed,1
35e41f2-21b763c7-3f403e8-75438d78,6,0,36.533513s,57.410000s,41.935211s,77.760996s,16.448000s,0.000000s,Map,completed,1
b384027b-ec5a28d5-3f403e8-6988e851,124,7,4.387066s,67.996000s,113.531924s,2101.847930s,36.777000s,41.271997s,MapReduce,completed,1
e7355a20-ac480702-3f403e8-dbf98a44,1,0,56.977666s,69.514000s,15.169704s,12.394999s,12.395000s,0.000000s,Map,completed,1
240deed7-990c9ac3-3f403e8-92c264f,206,0,0.000000s,69.615000s,202.788551s,8441.555894s,60.953000s,0.000000s,Map,completed,0
bade9ca2-ff000564-3f403e8-68496f64,1,0,55.448015s,69.772000s,17.671705s,13.205000s,13.205000s,0.000000s,Vanilla,completed,1
4e4dcf44-2a36ae1e-3f403e8-dd160b5a,6,0,33.380465s,70.628000s,62.187427s,124.154997s,27.814000s,0.000000s,Map,completed,1
6b059da4-1a2cd413-3f403e8-f3996821,1,0,60.463776s,70.682000s,13.561200s,9.548999s,9.549000s,0.000000s,Sort,completed,1
36b10daf-f83d4f77-3f403e8-523b2c4d,2,0,25.561239s,74.134000s,39.563834s,10.398999s,5.625000s,0.000000s,RemoteCopy,failed,1
c1f10bdf-8a1c4f3a-3f403e8-c882a8c0,1,0,52.277598s,74.851000s,26.124153s,20.566000s,20.566000s,0.000000s,Vanilla,completed,1
bc260640-369a9871-3f403e8-bda69943,331,0,0.000000s,75.209000s,173.222569s,7146.558823s,64.502000s,0.000000s,Map,completed,0
cc1eb8ad-8c97605d-3f403e8-333c3449,38,0,45.017638s,81.070000s,41.968744s,672.181974s,30.950000s,0.000000s,Map,completed,1
ae689954-990f340b-3f403e8-96f867dc,139,0,0.000000s,82.571000s,193.706702s,7873.821934s,74.801000s,0.000000s,Map,completed,0
dda1d1d7-43af4e99-3f403e8-c5969654,1,0,80.206501s,83.823000s,4.506675s,2.655000s,2.655000s,0.000000s,Sort,completed,1
25e7da94-31564367-3f403e8-34c8e81d,5,0,68.481095s,84.859000s,19.171510s,40.844998s,15.711000s,0.000000s,Map,completed,1
c13fe766-ee93ca84-3f403e8-4e100659,725,0,0.000000s,85.431000s,600.000000s,20534.427637s,42.774000s,0.000000s,Map,completed,0
6211eace-2ae921fe-3f403e8-ae9d7637,636,0,0.000000s,89.578000s,446.271197s,18526.027708s,59.632000s,0.000000s,Map,completed,0
7331a8d9-37fdaae9-3f403e8-b98c8a8a,686,0,0.000000s,90.064000s,600.000000s,20891.441673s,44.933000s,0.000000s,Map,completed,0
1d94f700-3c8bcf9e-3f403e8-7a6fbdee,17,0,13.091256s,90.966000s,122.925735s,212.405992s,57.894000s,0.000000s,MapReduce,completed,1
e82ec05-fd9bafb7-3f403e8-eb6a7d49,481,0,0.000000s,90.977000s,299.541068s,12868.961766s,68.955000s,0.000000s,Map,completed,0
929075e3-cf5df6-3f403e8-c9bfce2c,722,0,0.000000s,92.577000s,421.707567s,17349.122669s,59.632000s,0.000000s,Map,completed,0
8c423fe5-6b20cd79-3f403e8-d4d47238,101,0,74.937474s,93.859000s,26.112235s,634.386963s,8.886000s,0.000000s,MapReduce,completed,1
fe785e2a-971bfcfe-3f403e8-333f1fcc,455,0,0.000000s,94.100000s,306.081803s,12750.781771s,68.090000s,0.000000s,Map,completed,0
2b17dded-45221846-3f403e8-a3cd661a,1,0,25.163605s,94.829000s,100.730929s,68.765999s,68.766000s,0.000000s,Sort,completed,1
2496aa0a-3d866157-3f403e8-d1583c2d,1,0,88.364907s,95.216000s,8.337899s,6.015999s,6.016000s,0.000000s,Map,completed,1
a1253040-6cd407a6-3f403e8-254cb2b2,718,0,0.000000s,95.986000s,600.000000s,22815.937641s,67.847000s,0.000000s,Map,completed,0
de753686-fccf7448-3f403e8-bfe64d63,101,1,49.080392s,96.484000s,61.341099s,1583.556958s,32.530000s,3.702999s,MapReduce,completed,1
2c58b963-b5a8b22b-3f403e8-d3c85461,782,0,0.000000s,96.837000s,403.434702s,17639.930619s,62.395000s,0.000000s,Map,completed,0
f83df174-fc9ecfc1-3f403e8-5dca985f,827,0,0.000000s,97.104000s,600.000000s,22701.694562s,65.935000s,0.000000s,Map,completed,0
91808c23-e254422-3f403e8-7d5aaf2e,925,0,0.000000s,98.212000s,600.000000s,23355.179571s,63.625000s,0.000000s,Map,completed,0
fc64cb97-f269a4a8-3f403e8-dc2af70b,800,0,0.000000s,98.893000s,600.000000s,22885.458564s,64.579000s,0.000000s,Map,completed,0
a074baf5-494c4305-3f403e8-adf228b,686,0,0.000000s,99.089000s,600.000000s,22364.924665s,59.666000s,0.000000s,Map,completed,0
89e19186-60dfc520-3f403e8-35b243b0,101,0,71.450773s,100.559000s,38.035576s,1004.059954s,15.598000s,0.000000s,MapReduce,completed,1
f3961aa2-bedd902e-3f403e8-3ba38a2c,2,0,89.394271s,100.637000s,15.290982s,9.784998s,5.431000s,0.000000s,MapReduce,completed,1
d921940-b0fe747-3f403e8-e64aacb3,1,0,94.336487s,101.039000s,8.174455s,5.833000s,5.833000s,0.000000s,Map,completed,1
eb4251a7-e97e9ce8-3f403e8-57cf4dea,1,0,94.896106s,102.751000s,10.143462s,7.544000s,7.544000s,0.000000s,Map,completed,1
f7b676ed-bca8c248-3f403e8-5f33336f,1,0,99.531235s,103.199000s,4.316682s,2.950999s,2.951000s,0.000000s,Sort,completed,1
93ce7944-71da3fe5-3f403e8-31521909,268,0,0.000000s,104.230000s,155.210400s,6017.084873s,63.448000s,0.000000s,Map,completed,0
2026ebac-ac446167-3f403e8-251abd94,3,0,81.336495s,105.821000s,25.779970s,57.694999s,23.596000s,0.000000s,Map,completed,1
a1cc3c59-ad2e26a-3f403e8-49f23d8d,1,0,99.682958s,107.012000s,9.783601s,6.791000s,6.791000s,0.000000s,Map,completed,1
b9dd54d7-6ebf71c4-3f403e8-398ae9b6,1,0,102.495576s,107.089000s,5.563875s,3.862999s,3.863000s,0.000000s,Sort,completed,1
3430b9bc-a0834dd6-3f403e8-3f3ebc23,1,0,100.912689s,107.742000s,9.118027s,6.512999s,6.513000s,0.000000s,Map,completed,1
effbd9ac-45d40019-3f403e8-d262a0b7,1,0,97.038739s,107.800000s,12.836037s,10.591999s,10.592000s,0.000000s,Map,completed,1
3dc59fa3-3f58c63e-3f403e8-daeea8cc,2,0,17.595334s,108.339000s,213.571684s,168.344999s,90.293000s,0.000000s,Merge,completed,1
44d6a50d-e0dfd83a-3f403e8-40a268aa,4,0,99.477865s,109.937000s,13.377575s,18.364999s,4.947000s,0.000000s,MapReduce,completed,1
d8a931fd-76abe3dc-3f403e8-40a5e584,1,0,103.165379s,109.947000s,9.098633s,6.720999s,6.721000s,0.000000s,Map,completed,1
b9c03508-74b3db04-3f403e8-ebc3a420,2,0,99.368755s,112.042000s,13.796672s,21.298999s,11.826000s,0.000000s,Map,completed,1
85de17c0-67da78d0-3f403e8-664fbf21,31,0,0.000000s,112.859000s,233.621670s,1742.302984s,92.536000s,0.000000s,Merge,completed,0
6bf053f9-b3c3da3a-3f403e8-62717619,106,0,107.043437s,113.325000s,13.315341s,358.521947s,5.457000s,0.000000s,Map,completed,1
4654f256-61a7f969-3f403e8-a832d3ad,666,0,0.000000s,113.802000s,237.716177s,11812.676694s,62.645000s,0.000000s,Map,completed,0
82500723-88f3e79a-3f403e8-b8e355f7,225,1,63.630866s,114.307000s,46.062428s,3740.007887s,39.158000s,22.910999s,Map,completed,1
66701f44-e956c7fd-3f403e8-5f244429,2,0,99.106506s,114.596000s,17.603358s,26.952999s,15.350000s,0.000000s,Map,completed,1
6e9749f6-f63212e6-3f403e8-761bea9,1,0,104.171489s,114.724000s,12.538502s,10.495999s,10.496000s,0.000000s,Map,completed,1
8604b3a6-3a835d3b-3f403e8-6a8731a7,38,0,102.141837s,114.822000s,19.501977s,192.800984s,7.150000s,0.000000s,MapReduce,completed,1
547693ce-b6e07590-3f403e8-8fde2091,102,0,73.898802s,115.618000s,51.758871s,763.105941s,28.258000s,0.000000s,MapReduce,completed,1
6ab0459c-764665a6-3f403e8-a0fdce00,1,0,108.313679s,116.400000s,9.254930s,7.159999s,7.160000s,0.000000s,Map,completed,1
b68a226d-58b093f1-3f403e8-388d4576,1030,0,0.000000s,117.440000s,501.649227s,23118.891508s,39.213000s,0.000000s,Map,completed,0
3d9a1a0-3a0b1d72-3f403e8-978f1184,101,0,84.454821s,117.545000s,41.808408s,1126.333951s,19.500000s,0.000000s,MapReduce,completed,1
6fd3884b-1084e3b0-3f403e8-ee14e55b,242,11,1.824491s,118.054000s,127.528520s,5480.033872s,72.652000s,477.536990s,Map,completed,1
1ed231cd-33945a9d-3f403e8-cb803846,1,0,99.843229s,118.263000s,20.639374s,18.032000s,18.032000s,0.000000s,Map,completed,1
1de7e688-97a75068-3f403e8-b789f2d6,1,0,112.203007s,118.760000s,8.899126s,6.509999s,6.510000s,0.000000s,Map,completed,1
bf1554b7-d17fecb3-3f403e8-600b7bbf,331,0,0.000000s,119.078000s,172.626278s,8861.224841s,68.090000s,0.000000s,Map,completed,0
c6d4256d-97445ef4-3f403e8-988d1ef9,4,0,102.044415s,119.190000s,21.517427s,30.498998s,8.948000s,0.000000s,MapReduce,completed,1
e6114aa6-b6041109-3f403e8-c06828f6,1027,0,0.000000s,121.179000s,600.000000s,26896.822491s,46.102000s,0.000000s,Map,completed,0
e257db31-ae98c1ff-3f403e8-b29e4bf6,1,0,114.408267s,122.099000s,8.796241s,6.841999s,6.842000s,0.000000s,Map,completed,1
86c15809-667a1a0a-3f403e8-42eb0db9,1,0,117.065484s,122.161000s,7.408736s,4.900999s,4.901000s,0.000000s,Map,completed,1
a22c2a02-2cda391f-3f403e8-955463da,957,0,0.000000s,122.193000s,600.000000s,27274.114545s,47.766000s,0.000000s,Map,completed,0
87b6e4b9-2b6b6b33-3f403e8-22a2b428,1,0,118.070432s,122.295000s,6.150518s,4.031999s,4.032000s,0.000000s,Sort,completed,1
8c8160b0-da63e99-3f403e8-3166a32e,14329,47,0.000000s,122.936000s,600.000000s,72674.287945s,68.203000s,1701.757976s,MapReduce,failed,0
db77493a-683e6550-3f403e8-8e4f7e39,1,0,107.419975s,123.155000s,17.472835s,14.911999s,14.912000s,0.000000s,Map,completed,1
9cfcd66d-d10a3eca-3f403e8-f72c1013,101,0,50.702648s,123.525000s,87.216562s,2343.689973s,54.758000s,0.000000s,MapReduce,completed,1
60d6e04e-a0734fe3-3f403e8-f4d8238,946,0,0.000000s,124.089000s,326.114890s,16568.601545s,62.233000s,0.000000s,Map,completed,0
ddeb4073-f620754-3f403e8-3e814a9f,4379,0,0.000000s,128.365000s,483.849376s,25070.231891s,63.523000s,0.000000s,Map,completed,0
846a9955-335fee49-3f403e8-137eebb,1025,0,0.000000s,128.598000s,600.000000s,28447.709505s,62.942000s,0.000000s,Map,completed,0
99d59be2-c1773e90-3f403e8-982af777,34,0,109.403585s,128.863000s,27.341522s,285.089983s,13.017000s,0.000000s,MapReduce,completed,1
828f9bf1-ef74d187-3f403e8-5b394c03,1835,6,0.000000s,129.179000s,600.000000s,29530.243123s,63.523000s,26.827998s,Map,completed,0
a6a857ee-9b0a87bf-3f403e8-b9ca81ab,2,0,100.349067s,129.553000s,39.210694s,34.155999s,28.207000s,0.000000s,Map,completed,1
f32f4422-cc998aa4-3f403e8-fe75a745,17,0,18.360278s,129.945000s,147.179813s,236.007989s,92.863000s,0.000000s,MapReduce,completed,1
757a4bc9-595a8357-3f403e8-2fbfca8b,1,0,115.667933s,129.964000s,16.431704s,13.705999s,13.706000s,0.000000s,Map,completed,1
acb6fdba-d2adb2ce-3f403e8-b206cd42,101,0,108.705149s,131.442000s,32.300108s,757.701953s,13.597000s,0.000000s,MapReduce,completed,1
3c7eb678-4b15c28-3f403e8-5e8b3801,727,0,0.000000s,131.463000s,427.717164s,21017.734666s,64.027000s,0.000000s,Map,completed,0
1e54be17-124b9fb7-3f403e8-72febca9,1,0,120.667908s,131.933000s,13.173304s,10.661999s,10.662000s,0.000000s,Sort,completed,1
c6581e6f-a5597b4e-3f403e8-173add17,4,0,118.771015s,133.802000s,17.239719s,53.220999s,14.524000s,0.000000s,Map,completed,1
b9e071a6-183f11aa-3f403e8-bd99b21d,1,0,129.918665s,135.507000s,7.847244s,5.211000s,5.211000s,0.000000s,Map,completed,1
5ccf8c2e-af2959f9-3f403e8-9435032d,92,1,63.415448s,135.915000s,63.277693s,3509.715942s,60.333000s,21.629999s,Map,completed,1
60d76dfd-d7699445-3f403e8-ffeda64e,1,0,129.916776s,136.165000s,8.385479s,5.865000s,5.865000s,0.000000s,Map,completed,1
8f62bf89-d0231726-3f403e8-2ab5e2c4,37,0,100.678578s,136.486000s,42.770335s,279.680983s,26.204000s,0.000000s,MapReduce,completed,1
b98344da-4936103b-3f403e8-751fb4bd,1008,39,21.654955s,139.491000s,569.825158s,25539.933452s,40.614000s,343.341978s,Map,completed,1
9120e6a9-d187f02a-3f403e8-7d2b0a1b,3,0,115.019537s,139.496000s,26.726705s,64.022998s,24.239000s,0.000000s,Map,completed,1
da6fe9f5-153122b-3f403e8-5c53741c,272,0,129.964126s,139.778000s,22.588659s,1126.794855s,9.414000s,0.000000s,Map,completed,1
dc076fe9-9aee49a3-3f403e8-b6c72ab9,1,0,131.715937s,139.878000s,10.488064s,7.567999s,7.568000s,0.000000s,Map,completed,1
cc6196b0-9be83c37-3f403e8-e8f7e4f8,991,0,0.000000s,141.658000s,554.428036s,26334.442496s,68.417000s,0.000000s,Map,completed,0
713b536-87293edd-3f403e8-df4d4ad2,1,0,139.594836s,143.084000s,5.296953s,2.755999s,2.756000s,0.000000s,Sort,completed,1
8521b294-5d5a3b61-3f403e8-91f3dad4,708,0,0.000000s,144.619000s,426.664791s,20804.611628s,67.429000s,0.000000s,Map,completed,0
c2967334-76ee679e-3f403e8-e208a9e7,1,0,140.146995s,147.729000s,9.224476s,7.387000s,7.387000s,0.000000s,Sort,completed,1
f4bab83c-e66727d6-3f403e8-225db969,92,0,128.756107s,148.099000s,28.286054s,479.959961s,9.978000s,0.000000s,MapReduce,completed,1
7f2ed9bb-7d1e764e-3f403e8-eae03849,100,0,126.702340s,150.864000s,33.648329s,763.417943s,12.788000s,0.000000s,MapReduce,completed,1
ac4b9419-fbb667f9-3f403e8-85df3d9c,1,0,142.547398s,150.876000s,9.920410s,7.525999s,7.526000s,0.000000s,Vanilla,completed,1
31d5313c-ebb51fd5-3f403e8-589fe23a,1,0,145.516422s,152.652000s,8.163688s,6.293000s,6.293000s,0.000000s,Map,completed,1
e56e52e2-cc019e71-3f403e8-3172ae43,28,0,0.000000s,152.927000s,216.399225s,745.537989s,131.870000s,0.000000s,MapReduce,completed,0
2236408f-f4a703f3-3f403e8-a770ad6,1,0,148.287507s,153.157000s,7.148971s,4.800000s,4.800000s,0.000000s,Map,completed,1
1b5b7fed-7e67ab4f-3f403e8-40243f04,1,0,145.800022s,153.948000s,9.918550s,7.589000s,7.589000s,0.000000s,Vanilla,completed,1
bb724547-31571ee9-3f403e8-6e1f1473,1824,0,0.000000s,154.039000s,600.000000s,29246.649078s,68.955000s,0.000000s,Map,completed,0
d52bfc15-64e65c3a-3f403e8-c9338760,9,0,138.230720s,155.362000s,25.321869s,127.641994s,16.359000s,0.000000s,Map,completed,1
808e39e7-bed80d68-3f403e8-fde83e1d,101,0,133.286134s,156.911000s,30.152886s,734.616952s,12.375000s,0.000000s,MapReduce,completed,1
db227409-2d46dd66-3f403e8-686d143b,31,0,146.334551s,159.215000s,19.510218s,195.272989s,12.637000s,0.000000s,Merge,completed,1
8d9c5a53-ffd0b41-3f403e8-fa46e628,79,0,138.905806s,159.464000s,30.577462s,429.567951s,10.107000s,0.000000s,MapReduce,completed,1
b9774622-5b193d8b-3f403e8-93e853a5,18,0,146.452560s,160.064000s,18.502605s,69.592988s,6.697000s,0.000000s,Sort,failed,1
9be441a1-d192feec-3f403e8-e0da5671,149,0,133.003009s,161.003000s,39.279047s,1217.357941s,15.404000s,0.000000s,MapReduce,completed,1
6825abd8-84d57c7d-3f403e8-c827f0d7,1,0,154.219467s,161.672000s,9.091268s,7.300999s,7.301000s,0.000000s,Vanilla,completed,1
a1203102-29159b00-3f403e8-1e2e26fb,380,2,0.000000s,162.281000s,600.000000s,25918.854809s,90.929000s,116.085999s,Map,completed,0
84edb643-a8becf49-3f403e8-483ee996,148,0,131.853919s,162.723000s,39.659101s,993.802917s,15.645000s,0.000000s,MapReduce,completed,1
c4b32505-15f65099-3f403e8-c712332c,101,0,120.373035s,163.491000s,49.652041s,1269.966953s,24.516000s,0.000000s,MapReduce,completed,1
77c6a717-1fcd1189-3f403e8-9753d5bd,132,0,136.857004s,165.786000s,34.530878s,943.425937s,14.255000s,0.000000s,MapReduce,completed,1
6834c009-9527319d-3f403e8-577f3498,4,0,0.000000s,166.141000s,167.487156s,569.193998s,166.113000s,0.000000s,Reduce,completed,0
821fb4c7-462b46ab-3f403e8-7fe47fd5,1,0,161.606616s,167.144000s,6.678462s,4.760999s,4.761000s,0.000000s,Map,completed,1
5ac923b5-ef7a0b65-3f403e8-1614d636,3216,0,136.382778s,169.531000s,100.517284s,59125.945395s,29.605000s,0.000000s,Reduce,completed,1
7d58dfc4-f1d743dd-3f403e8-e1efe2fb,392,3,0.000000s,172.272000s,600.000000s,27032.494798s,91.994000s,172.457997s,Map,completed,0
5369168b-fa27aeb0-3f403e8-a8c44f08,131,0,143.877516s,172.476000s,37.919629s,1002.195942s,16.073000s,0.000000s,MapReduce,completed,1
e7fb52f9-a5f2f3-3f403e8-cc843f11,132,0,141.373460s,172.510000s,37.644259s,996.524947s,16.116000s,0.000000s,MapReduce,completed,1
62873bc6-46e6e2b9-3f403e8-359b19aa,3,0,150.823423s,175.176000s,27.034614s,50.396000s,23.812000s,0.000000s,Map,completed,1
e4d24946-b07f717-3f403e8-c849a4c5,19,0,144.142604s,175.283000s,33.427988s,495.682990s,30.941000s,0.000000s,Map,completed,1
40fed838-a4c5681a-3f403e8-1806789e,132,0,141.361023s,175.530000s,41.645363s,1179.521009s,17.145000s,0.000000s,MapReduce,completed,1
d3850bbe-c55fb63a-3f403e8-610080ce,1,0,171.975374s,175.760000s,5.666323s,3.349999s,3.350000s,0.000000s,Sort,completed,1
94b12d61-3eeadd93-3f403e8-b270f74a,132,0,140.734998s,175.980000s,43.386780s,916.265942s,21.588000s,0.000000s,MapReduce,completed,1
20105c16-aa8c23eb-3f403e8-f8122ee3,3,0,164.648101s,176.854000s,14.432932s,29.974999s,11.454000s,0.000000s,Map,completed,1
9d0c63-3efc3dbd-3f403e8-87b352aa,44,0,80.795518s,179.109000s,142.851720s,2336.899980s,74.025000s,0.000000s,MapReduce,failed,1
1a2f63dc-929bb6cd-3f403e8-18dcddd2,132,0,139.160648s,180.112000s,51.145866s,1491.883929s,21.757000s,0.000000s,MapReduce,completed,1
50fe1606-af4b4673-3f403e8-b91888e9,1,0,0.000000s,180.326000s,181.797300s,180.301000s,180.301000s,0.000000s,MapReduce,completed,0
3f0522ad-300425e1-3f403e8-5fb1fca0,132,0,141.754795s,183.759000s,50.947072s,1485.248989s,21.830000s,0.000000s,MapReduce,completed,1
f904efdd-281b4c50-3f403e8-ccae3e6f,12,0,162.576882s,184.305000s,26.306057s,72.497997s,14.444000s,0.000000s,MapReduce,completed,1
b2b5ef57-1de283b3-3f403e8-175cfad4,1,0,176.574928s,185.118000s,10.111691s,7.689999s,7.690000s,0.000000s,Map,completed,1
bbb0014e-b0997530-3f403e8-ad9c851a,2,0,147.028120s,185.239000s,40.478512s,72.385000s,37.870000s,0.000000s,Map,completed,1
ccae73f2-21392f7f-3f403e8-62bc1d45,1,0,179.650935s,185.875000s,7.662190s,5.442999s,5.443000s,0.000000s,Map,completed,1
35ffec2e-e97fcf3e-3f403e8-f5a2c2a2,132,0,145.068470s,186.357000s,50.279382s,1073.968951s,20.136000s,0.000000s,MapReduce,completed,1
a79298e1-dbdbd8bc-3f403e8-4bd354bd,1,0,179.734125s,186.474000s,8.922356s,6.041999s,6.042000s,0.000000s,Map,completed,1
b36da17d-83e60455-3f403e8-dd7bfbb8,225,0,158.027447s,186.498000s,34.251599s,2781.226922s,28.113000s,0.000000s,Map,completed,1
330473c8-ba6d4ec1-3f403e8-a9d348e2,90,0,0.000000s,187.323000s,307.297104s,4324.395961s,153.216000s,0.000000s,MapReduce,completed,0
ecf06cb2-357692ed-3f403e8-7b60d3f6,2,0,180.362148s,187.597000s,10.066294s,6.909998s,4.155000s,0.000000s,MapReduce,completed,1
ee941d02-8ab3bf3a-3f403e8-17eb0f5b,132,0,149.263325s,187.776000s,48.012901s,1142.145969s,21.203000s,0.000000s,MapReduce,completed,1
e8853d3e-d07f55b9-3f403e8-30d7ad56,1,0,176.040231s,188.641000s,14.809078s,12.217999s,12.218000s,0.000000s,Map,completed,1
3acc82e6-4a7418cf-3f403e8-a0f2352e,4,0,163.051581s,189.257000s,29.897410s,34.439999s,15.843000s,0.000000s,MapReduce,completed,1
67010c96-73067f91-3f403e8-69b5659a,6,0,150.904136s,189.370000s,40.919226s,196.426999s,37.899000s,0.000000s,Map,completed,1
cd328d4c-24cff48b-3f403e8-e0c9a5b7,132,0,163.250943s,191.646000s,35.170496s,1035.972940s,19.861000s,0.000000s,MapReduce,completed,1
6f4b9fde-68764e31-3f403e8-77cd888e,132,0,146.778855s,193.024000s,53.986941s,1665.019938s,24.490000s,0.000000s,MapReduce,completed,1
17953152-291b4442-3f403e8-d3a6b741,7,0,171.301599s,193.149000s,23.961831s,102.718997s,21.710000s,0.000000s,Map,completed,1
753b5aef-e07ac981-3f403e8-f1fb2994,1,0,188.599843s,195.532000s,7.819357s,6.071999s,6.072000s,0.000000s,Map,completed,1
75dda34f-3da612e2-3f403e8-8fbda479,3,0,185.407428s,197.707000s,14.394511s,35.199996s,12.251000s,0.000000s,Map,completed,1
fac1b10c-90b433d3-3f403e8-cb02c47f,1,0,187.177196s,198.894000s,14.045399s,11.436999s,11.437000s,0.000000s,Map,completed,1
3f9b4aac-c6a753f3-3f403e8-39b4597f,1,0,196.149321s,199.084000s,4.160175s,2.601999s,2.602000s,0.000000s,Sort,failed,1
fb1f1c37-f08b5305-3f403e8-9e2eb167,88,0,159.255011s,200.006000s,113.274737s,991.216953s,28.564000s,0.000000s,MapReduce,completed,1
5b328aac-c2b78353-3f403e8-99fd209c,1,0,195.221657s,200.528000s,7.290767s,5.050000s,5.050000s,0.000000s,Map,completed,1
45339644-14854e08-3f403e8-174feac4,1,0,198.005946s,201.464000s,5.174168s,2.974999s,2.975000s,0.000000s,Sort,completed,1
e33c7047-c52b982b-3f403e8-e5b339ab,1,0,199.161183s,201.953000s,4.550668s,2.454000s,2.454000s,0.000000s,Sort,completed,1
893d7331-1e9d6a59-3f403e8-dd49bbe6,3,0,189.073898s,202.662000s,16.069571s,34.763996s,13.202000s,0.000000s,Map,completed,1
84feded0-2be180b2-3f403e8-466cc314,132,0,169.082782s,202.750000s,40.816961s,1061.256919s,19.791000s,0.000000s,MapReduce,completed,1
684de78f-fe7e60c4-3f403e8-ac84ec34,10,0,132.788013s,203.376000s,72.974658s,635.977994s,70.001000s,0.000000s,Map,completed,1
81e700e0-c3eec41f-3f403e8-162119d,1,0,197.195288s,203.597000s,8.567653s,6.111999s,6.112000s,0.000000s,Map,completed,1
7b17fc61-f8e07e89-3f403e8-493c3ff,2,0,197.333250s,205.771000s,12.050697s,8.031998s,5.277000s,0.000000s,MapReduce,completed,1
4e40281c-c3198c39-3f403e8-7bb07040,1,0,200.778582s,206.271000s,6.169132s,4.775999s,4.776000s,0.000000s,Sort,completed,1
9dcedc46-d9087e73-3f403e8-ec14a1ab,132,0,165.599934s,206.491000s,48.030057s,1127.650935s,21.016000s,0.000000s,MapReduce,completed,1
91f1a69-9d1fa8cc-3f403e8-59d6ee41,345,1,0.000000s,206.622000s,600.000000s,29536.797831s,109.965000s,58.959999s,Map,completed,0
be7f7e6a-d3e69468-3f403e8-f13ae9b3,1,0,199.852587s,207.521000s,9.995337s,7.026999s,7.027000s,0.000000s,Map,completed,1
609fdd15-b74fb2b4-3f403e8-6dd9c046,131,0,172.337976s,207.590000s,47.546123s,1059.160923s,21.113000s,0.000000s,MapReduce,completed,1
9e3ff51d-89932878-3f403e8-cb0e38ce,1,0,201.107120s,207.753000s,8.740971s,6.257999s,6.258000s,0.000000s,Map,completed,1
7155eaac-628ad68f-3f403e8-9d8c73a2,132,0,157.010368s,211.132000s,65.240845s,1075.784935s,37.680000s,0.000000s,MapReduce,completed,1
3050c534-8a8975f4-3f403e8-7a9e64be,24,0,199.815360s,213.047000s,16.325843s,194.142985s,12.547000s,0.000000s,Map,completed,1
e90725be-d3cb7766-3f403e8-5e5c7d04,132,0,179.797434s,214.595000s,55.108185s,1526.377928s,21.169000s,0.000000s,MapReduce,completed,1
7848ef72-ebf50699-3f403e8-829fea99,105,0,208.694633s,214.792000s,12.987669s,333.147954s,5.269000s,0.000000s,Map,completed,1
5279d379-7b319ed1-3f403e8-190e80ee,2,0,203.000853s,215.184000s,14.268934s,22.445998s,11.665000s,0.000000s,Map,completed,1
d5aa5d1d-6af68d7d-3f403e8-cad7dab0,2,0,207.171948s,215.186000s,11.031975s,7.436999s,4.665000s,0.000000s,MapReduce,completed,1
b401af76-133c807b-3f403e8-b2b57be4,1,0,215.172716s,216.968000s,3.159074s,1.435999s,1.436000s,0.000000s,Sort,failed,1
3fb7c9f0-b90cf500-3f403e8-ba4080fc,126,0,164.931103s,217.274000s,62.210203s,1855.367930s,28.735000s,0.000000s,MapReduce,completed,1
76062d8c-2056056d-3f403e8-2d59bea8,23,0,204.854876s,218.890000s,23.546812s,113.989994s,6.924000s,0.000000s,MapReduce,completed,1
3ff12ea3-d8a8fa89-3f403e8-f6ada51,1,0,212.530423s,219.712000s,8.744363s,6.185000s,6.185000s,0.000000s,Map,completed,1
c0d15a97-5e3d82bb-3f403e8-4d3ab815,93,0,177.113003s,220.441000s,116.397883s,1049.300955s,31.934000s,0.000000s,MapReduce,completed,1
7bb0b0dc-f7da664a-3f403e8-db382638,24,0,205.027353s,220.590000s,23.052602s,153.208993s,8.681000s,0.000000s,MapReduce,completed,1
5af951e4-e73be0c1-3f403e8-2bf7a909,58,0,203.349186s,221.430000s,26.664376s,349.143960s,12.243000s,0.000000s,MapReduce,completed,1
232557ba-27728f49-3f403e8-ce9232a8,24,0,206.541789s,223.259000s,23.639468s,134.813991s,7.755000s,0.000000s,MapReduce,completed,1
52ee391a-f1652cbd-3f403e8-4cf6c5f1,1,0,216.199849s,223.361000s,10.096108s,6.826999s,6.827000s,0.000000s,Map,completed,1
d7a59b23-80745c0b-3f403e8-a60f38cf,24,0,206.993451s,224.456000s,25.253648s,161.699986s,9.413000s,0.000000s,MapReduce,completed,1
9b76e7de-b6c4424e-3f403e8-c46f4a49,1,0,217.757781s,226.127000s,9.713687s,7.095999s,7.096000s,0.000000s,Vanilla,completed,1
bef5fdda-f9122e8f-3f403e8-989e5746,1,0,223.874505s,226.234000s,2.632490s,1.671999s,1.672000s,0.000000s,Sort,failed,1
bfab91b-3782cf7e-3f403e8-e5642b69,1,0,213.315376s,228.138000s,17.032183s,14.610999s,14.611000s,0.000000s,Map,completed,1
2b55e881-fd4d106d-3f403e8-3e8df847,1,0,221.089009s,228.228000s,8.738690s,6.465000s,6.465000s,0.000000s,Vanilla,completed,1
9347aecb-29658d24-3f403e8-357627fd,24,0,210.575749s,228.250000s,25.201818s,149.488983s,8.754000s,0.000000s,MapReduce,completed,1
4df113f2-969e5f15-3f403e8-b2543379,116,0,191.695646s,228.259000s,45.962541s,1159.083950s,21.413000s,0.000000s,MapReduce,completed,1
d35497c9-c0e4ecb9-3f403e8-b8db113b,24,0,211.077323s,228.427000s,24.969361s,162.837981s,8.074000s,0.000000s,MapReduce,completed,1
285dd9fb-e4b051a1-3f403e8-93854fb8,41,0,194.776017s,230.044000s,37.913821s,621.176981s,34.566000s,0.000000s,Map,completed,1
1b262bc2-6e790837-3f403e8-b4df2a77,2,0,177.761089s,230.303000s,54.549266s,100.500000s,51.877000s,0.000000s,Map,completed,1
ef243806-90e90a06-3f403e8-e5f6426d,4,0,218.410507s,231.372000s,14.982215s,45.801998s,12.830000s,0.000000s,Map,completed,1
9a4d79e0-1ffda3cb-3f403e8-ecdea1cf,24,0,209.396341s,231.493000s,29.258815s,175.913987s,11.759000s,0.000000s,MapReduce,completed,1
38a29f85-af5d9980-3f403e8-df48f1b8,1,0,206.105453s,231.586000s,27.474819s,25.075999s,25.076000s,0.000000s,Map,completed,1
8fbad7ee-3be89382-3f403e8-cbba9015,24,0,215.001557s,235.368000s,28.916968s,185.720986s,9.808000s,0.000000s,MapReduce,completed,1
8d4a42a4-b02e5de7-3f403e8-59b66603,117,0,199.814345s,235.636000s,45.234424s,1119.108938s,20.466000s,0.000000s,MapReduce,completed,1
a47d4b71-e932fbcb-3f403e8-e6162bd4,1,0,229.495376s,236.168000s,8.710194s,6.593000s,6.593000s,0.000000s,Vanilla,completed,1
acffbe4f-58528787-3f403e8-d894cf71,116,0,187.639551s,236.597000s,58.273245s,1827.560950s,31.025000s,0.000000s,MapReduce,completed,1
4d60c109-d3652334-3f403e8-5e27e3ef,1,0,230.028820s,237.519000s,9.518349s,6.943999s,6.944000s,0.000000s,Map,completed,1
4c38d52-58a4974c-3f403e8-8de3effd,23,0,221.528650s,238.687000s,24.733030s,138.627989s,9.109000s,0.000000s,MapReduce,completed,1
7eca5edc-f7f56c8e-3f403e8-f66bfbe2,1,0,232.768438s,238.869000s,7.539102s,5.281999s,5.282000s,0.000000s,Map,completed,1
cb3eed6e-af290d7d-3f403e8-34368561,24,0,216.855601s,239.537000s,31.576252s,190.015993s,10.990000s,0.000000s,MapReduce,completed,1
1e6ed4b3-8730d6be-3f403e8-7e02bc23,1,0,232.694825s,239.593000s,8.331631s,6.005999s,6.006000s,0.000000s,Map,completed,1
df40544b-b158d3d1-3f403e8-5a09e389,1,0,234.510905s,240.030000s,7.745302s,5.444999s,5.445000s,0.000000s,Map,completed,1
deca9f01-cbe2c13c-3f403e8-b27fd242,22,0,218.259253s,240.985000s,30.901907s,199.969989s,11.412000s,0.000000s,MapReduce,completed,1
e6329005-ff504a2a-3f403e8-8c3bd22b,5,0,222.629830s,241.214000s,20.002027s,49.936995s,17.661000s,0.000000s,Map,completed,1
4e03555b-21f59e82-3f403e8-4b6d157c,8,0,228.557369s,241.414000s,17.209727s,41.070996s,6.942000s,0.000000s,MapReduce,completed,1
3a7e1409-8987c7d0-3f403e8-77ef1a9d,9,0,225.132670s,241.786000s,18.761855s,121.269994s,16.226000s,0.000000s,Map,completed,1
225cff0-f48e7ff0-3f403e8-1176eec4,1,0,238.616457s,242.264000s,4.310224s,2.670999s,2.671000s,0.000000s,Merge,completed,1
dc0bd549-120bd960-3f403e8-708b2b0f,1,0,235.297769s,242.634000s,9.436147s,7.047998s,7.048000s,0.000000s,Map,completed,1
43ac579b-572b7a-3f403e8-17ec525f,1,0,238.298803s,244.101000s,7.614208s,5.508999s,5.509000s,0.000000s,Sort,completed,1
490be446-82c04e55-3f403e8-638aa823,23,0,226.577401s,244.825000s,25.838680s,158.720985s,10.386000s,0.000000s,MapReduce,completed,1
f5151df6-b49a5a47-3f403e8-f1d49eb0,1,0,236.591139s,244.914000s,9.405164s,7.323999s,7.324000s,0.000000s,Map,completed,1
3e81be15-6b91c9d-3f403e8-f9e60c44,24,0,220.772364s,244.931000s,33.771900s,201.980987s,11.461000s,0.000000s,MapReduce,completed,1
5035f632-1aa3d508-3f403e8-56622e74,2,0,234.473344s,245.740000s,14.222472s,10.383998s,5.238000s,0.000000s,MapReduce,completed,1
1081f301-a7ac66f9-3f403e8-11f8f174,365,0,0.000000s,246.625000s,373.668366s,5835.718808s,230.451000s,0.000000s,MapReduce,completed,0
b300661d-b85e3c6-3f403e8-e9c7c03f,181,0,0.000000s,247.154000s,600.000000s,27977.295915s,245.229000s,0.000000s,Map,completed,0
8eb1d9d-6dff3354-3f403e8-32fcbeb,615,0,171.404685s,247.569000s,428.595315s,16645.699727s,47.277000s,0.000000s,Map,completed,0
840f0bb8-8cbe4630-3f403e8-2d4b35d0,24,0,232.179625s,248.107000s,24.461215s,160.884982s,7.778000s,0.000000s,MapReduce,completed,1
8d0126a7-bf05d30c-3f403e8-4d4cbc62,132,0,182.682296s,248.414000s,73.958419s,3243.462939s,46.026000s,0.000000s,MapReduce,completed,1
e7aaff22-992d30ae-3f403e8-a93a3fed,1,0,240.110516s,250.897000s,12.994052s,10.302999s,10.303000s,0.000000s,Map,completed,1
6a471f6d-31a724e9-3f403e8-492fbc73,24,0,233.504278s,251.144000s,25.041045s,142.618981s,9.548000s,0.000000s,MapReduce,completed,1
f75ce189-7c1a1f44-3f403e8-a6b6e4be,350,0,0.000000s,251.336000s,444.324652s,61276.037837s,192.025000s,0.000000s,MapReduce,completed,0
81bd6c8b-5b7b25a2-3f403e8-3b13ac30,1,0,245.022792s,251.345000s,8.614009s,5.739999s,5.740000s,0.000000s,Map,completed,1
84a345fc-b3097507-3f403e8-fa427ff6,1,0,243.685368s,251.561000s,8.942094s,6.957999s,6.958000s,0.000000s,Map,completed,1
c5c24c96-6c203f7a-3f403e8-3620108,24,0,233.417115s,252.154000s,26.532963s,171.252982s,10.305000s,0.000000s,MapReduce,completed,1
8b78adba-d89e5e7f-3f403e8-7118fb6a,3,0,217.278707s,252.798000s,37.555539s,97.871998s,35.257000s,0.000000s,Map,completed,1
c22b6ce9-138d80e3-3f403e8-2cc06afb,1,0,242.595844s,253.232000s,12.714375s,10.632999s,10.633000s,0.000000s,Map,completed,1
e3028518-c40dc327-3f403e8-d3d59a2e,1,0,247.515560s,254.804000s,9.442721s,7.194999s,7.195000s,0.000000s,Map,completed,1
2e19d1d0-c1d34476-3f403e8-de85397,49,0,244.601304s,255.698000s,71.814662s,192.038973s,6.077000s,0.000000s,Sort,completed,1
1ad9b641-452fa652-3f403e8-f693e3ef,1,0,251.503934s,256.291000s,6.901173s,4.669999s,4.670000s,0.000000s,Map,completed,1
5cf7dfc7-c1fbe0fd-3f403e8-d10d3bc6,143,0,181.159662s,256.583000s,78.359504s,3374.909922s,75.112000s,0.000000s,Map,completed,1
9ccecdd-edabe0c-3f403e8-22ae1bdd,437,0,211.857156s,256.623000s,388.142844s,11717.472781s,44.094000s,0.000000s,Map,completed,0
7b15cda4-2a2dc79-3f403e8-98374836,6,0,227.935606s,257.027000s,31.357930s,132.204999s,28.452000s,0.000000s,Map,completed,1
76c90401-9fa998c9-3f403e8-dcf2ab09,1,0,252.194903s,258.139000s,8.349303s,5.513999s,5.514000s,0.000000s,Map,completed,1
6f455fb0-a0b90679-3f403e8-dd3c0401,1,0,248.392262s,258.573000s,12.392573s,9.958999s,9.959000s,0.000000s,Map,completed,1
4206111b-24d4d835-3f403e8-5b8709ac,1,0,250.975588s,259.685000s,10.924747s,8.063999s,8.064000s,0.000000s,Map,completed,1
ddb6b8cf-d0567f23-3f403e8-2cbafe8b,49,0,245.251120s,259.728000s,55.741833s,200.860966s,8.103000s,0.000000s,Sort,completed,1
fc07827c-2c4270a9-3f403e8-f3ce256b,37,0,247.132329s,260.261000s,20.132381s,185.286986s,6.179000s,0.000000s,MapReduce,completed,1
bcb2457c-19649bdb-3f403e8-80c3074b,221,0,220.906236s,260.350000s,45.358656s,3830.113929s,38.711000s,0.000000s,Map,completed,1
8e3baf9a-cbea3293-3f403e8-d65a9fdc,1,0,255.031561s,261.835000s,9.081131s,6.202999s,6.203000s,0.000000s,Map,completed,1
99a85353-d0d08ca0-3f403e8-bd4c16db,1,0,237.587192s,262.784000s,27.386875s,25.193999s,25.194000s,0.000000s,Map,completed,1
76e55c77-58334d6d-3f403e8-1e77adc3,1,0,254.340072s,264.626000s,12.413902s,9.995999s,9.996000s,0.000000s,Map,completed,1
afa8be9e-ab63e5b7-3f403e8-199b1556,1,0,258.948003s,265.347000s,8.834260s,5.698000s,5.698000s,0.000000s,Map,completed,1
904a613-e01f3e52-3f403e8-8833388a,4,0,255.031932s,265.832000s,14.425007s,17.563998s,5.187000s,0.000000s,MapReduce,completed,1
fad0bfa7-5dd0245c-3f403e8-9d589cad,5,0,250.698404s,266.493000s,16.950687s,66.163998s,14.854000s,0.000000s,Map,completed,1
3b0fdb1c-b67d2e88-3f403e8-9f64abf3,2,0,252.853514s,266.715000s,14.935281s,21.017998s,13.056000s,0.000000s,Map,completed,1
5d4d4f5b-67823e73-3f403e8-cbf3daeb,1,0,259.623997s,267.761000s,10.844475s,8.112000s,8.112000s,0.000000s,Map,completed,1
86d483c-d025a908-3f403e8-b4c4666e,1,0,259.799582s,268.035000s,9.053583s,7.390000s,7.390000s,0.000000s,Sort,completed,1
b9de39a0-7d7a6ba8-3f403e8-1c35b9f,1,0,264.936953s,271.048000s,8.169864s,5.387999s,5.388000s,0.000000s,Map,completed,1
d85c9b6d-48e94733-3f403e8-5432d643,4,0,259.632112s,271.526000s,16.401946s,20.590999s,5.873000s,0.000000s,MapReduce,completed,1
8a0dc42f-a8e837fd-3f403e8-87a02c74,24,0,247.674184s,275.441000s,35.569711s,225.777987s,13.138000s,0.000000s,MapReduce,completed,1
ad1d6bcf-a090c1e0-3f403e8-b130e760,10,0,115.354666s,277.545000s,164.205914s,315.075993s,137.203000s,0.000000s,MapReduce,completed,1
e3150c93-9a07201e-3f403e8-49a8501a,124,0,233.834517s,278.887000s,54.364172s,1728.292942s,23.432000s,0.000000s,MapReduce,completed,1
39d0aa7e-c9ac9d3d-3f403e8-8e7fba7d,64,0,241.486034s,280.260000s,94.914301s,624.913965s,28.621000s,0.000000s,MapReduce,completed,1
84acf2d3-78a5dee4-3f403e8-587c1643,1,0,275.267086s,280.967000s,7.976233s,5.277999s,5.278000s,0.000000s,Map,completed,1
58c7fd8c-cd882d3f-3f403e8-a189ec3e,36,0,251.214448s,281.479000s,38.973064s,250.506980s,19.627000s,0.000000s,MapReduce,completed,1
a5048fce-ea510df3-3f403e8-a00b7c2,1,0,277.758006s,283.222000s,6.486242s,4.523999s,4.524000s,0.000000s,Map,completed,1
dba4b1eb-3f71c8fc-3f403e8-366ca506,1,0,268.392446s,284.330000s,18.001263s,15.651000s,15.651000s,0.000000s,Map,completed,1
3d347675-c49cefd9-3f403e8-194849be,1,0,282.425467s,288.186000s,8.098566s,5.477000s,5.477000s,0.000000s,Map,completed,1
10c1b874-bfe8f33f-3f403e8-47e04493,2,0,266.847711s,288.614000s,23.421615s,38.494999s,20.950000s,0.000000s,Map,completed,1
c036d92d-f6386408-3f403e8-446cdc1e,61,0,275.395297s,289.941000s,22.414244s,344.552953s,7.834000s,0.000000s,MapReduce,completed,1
f23c465b-c710b8b9-3f403e8-d706377b,1,0,289.386463s,292.375000s,4.920298s,2.647999s,2.648000s,0.000000s,Merge,completed,1
a6d9507c-e22cf7a1-3f403e8-a4270c13,14,0,210.668842s,292.555000s,82.761495s,1052.667992s,81.030000s,0.000000s,Map,completed,1
c7b15478-86e32432-3f403e8-a3f84258,2,0,266.219213s,293.021000s,29.106410s,51.490999s,26.356000s,0.000000s,Map,completed,1
21b8235d-1c903713-3f403e8-b22470a7,1,0,288.254557s,293.100000s,6.808971s,4.377000s,4.377000s,0.000000s,Merge,completed,1
ea96af42-ce6b211f-3f403e8-2e851824,39,0,277.720872s,293.276000s,21.806058s,160.403982s,7.566000s,0.000000s,Sort,failed,1
b47fab6b-7e77ce88-3f403e8-264190cf,25,0,261.911147s,293.422000s,33.211391s,599.323991s,30.772000s,0.000000s,Map,completed,1
996bbe94-6b5d853d-3f403e8-8d5e4bb7,1,0,290.546738s,294.012000s,5.422562s,3.284000s,3.284000s,0.000000s,Merge,completed,1
b33731ff-19097bb5-3f403e8-b2402e05,1,0,291.352555s,295.535000s,5.981011s,3.803000s,3.803000s,0.000000s,Merge,completed,1
56f50ff3-28ae3949-3f403e8-8b296cee,1,0,292.195241s,295.799000s,5.921849s,3.063999s,3.064000s,0.000000s,Merge,completed,1
65e26f2e-6dcd1ba4-3f403e8-28105841,137,0,239.482610s,296.075000s,67.320389s,2399.062908s,35.650000s,0.000000s,MapReduce,completed,1
2c2df667-831687f7-3f403e8-2e28e44c,1,0,293.089294s,296.804000s,4.969650s,3.067999s,3.068000s,0.000000s,Merge,completed,1
66d64642-301742c5-3f403e8-e3c52d19,1,0,294.648033s,297.387000s,4.893130s,2.648999s,2.649000s,0.000000s,Merge,completed,1
b2d08bd7-a986829d-3f403e8-2ea1f598,1,0,293.745160s,298.171000s,5.574486s,3.433000s,3.433000s,0.000000s,Merge,completed,1
40519155-bbc43670-3f403e8-4392ce6a,1,0,292.295782s,298.250000s,8.420215s,5.514999s,5.515000s,0.000000s,Map,completed,1
fd31ba0c-7e064eb5-3f403e8-ccf9b5cf,3216,0,261.514234s,298.723000s,99.004644s,57277.062432s,36.981000s,0.000000s,Reduce,completed,1
1108338a-90e6c234-3f403e8-2570cb3a,1,0,295.350201s,299.329000s,5.892534s,3.590000s,3.590000s,0.000000s,Merge,completed,1
ea46d50f-596527b4-3f403e8-f1d638ea,1,0,294.096024s,299.950000s,7.471890s,5.211999s,5.212000s,0.000000s,Map,completed,1
5227fca1-c8a65342-3f403e8-dda28f3e,1,0,297.718040s,300.310000s,4.874157s,2.566999s,2.567000s,0.000000s,Merge,completed,1
689aa696-c3175917-3f403e8-3b1e0580,1,0,296.883102s,301.328000s,5.552455s,3.584999s,3.585000s,0.000000s,Merge,completed,1
cd691b8a-d330eca4-3f403e8-7d2cddf3,1,0,296.125330s,302.827000s,8.077774s,6.085000s,6.085000s,0.000000s,Merge,completed,1
8ac0a354-8aa50eda-3f403e8-2fee2817,1,0,293.011308s,303.218000s,11.007154s,8.933000s,8.933000s,0.000000s,Vanilla,completed,1
874ad962-56c0a2c5-3f403e8-d4b25584,1,0,296.381642s,306.512000s,9.282343s,7.226999s,7.227000s,0.000000s,Vanilla,completed,1
98b7caff-91d166d9-3f403e8-9d31497f,215,0,230.384414s,309.655000s,353.730908s,9669.673917s,73.687000s,0.000000s,Map,completed,1
d8eb3515-6261ed8f-3f403e8-3536bebb,2,0,243.354815s,310.095000s,69.085975s,127.414000s,66.485000s,0.000000s,Map,completed,1
54d13585-6f785be4-3f403e8-f92c6df,2,0,303.729959s,310.583000s,9.927685s,6.794999s,3.816000s,0.000000s,MapReduce,completed,1
3ae4ef5-b06c6d58-3f403e8-c75b6160,118,0,276.704658s,310.654000s,46.702647s,1085.601945s,16.079000s,0.000000s,MapReduce,completed,1
ae427773-5967a513-3f403e8-b0bc2851,92,0,289.347548s,310.718000s,30.890270s,464.757952s,12.618000s,0.000000s,MapReduce,completed,1
14ee2140-a6439741-3f403e8-9630adfe,60,0,120.042055s,311.616000s,246.305793s,3175.643972s,162.089000s,0.000000s,MapReduce,completed,1
cdfe3d6e-112a764a-3f403e8-6f03d33,1,0,303.361406s,311.818000s,10.904337s,8.054999s,8.055000s,0.000000s,Map,completed,1
9287a824-cdeede83-3f403e8-b949c3ec,35,0,298.548814s,313.350000s,23.610097s,180.094984s,7.585000s,0.000000s,Sort,failed,1
4fba09ea-dec83fa2-3f403e8-5b0e05d6,1,0,304.786217s,313.454000s,8.871284s,6.942000s,6.942000s,0.000000s,Vanilla,completed,1
a020a087-680f033e-3f403e8-bf2abdb1,137,0,260.048926s,313.735000s,65.205492s,2260.716917s,34.761000s,0.000000s,MapReduce,completed,1
a47cb932-86d3e429-3f403e8-229c433b,35,0,297.282723s,314.683000s,25.596571s,254.234984s,11.097000s,0.000000s,MapReduce,completed,1
27d8533a-ee41937d-3f403e8-abeb5680,148,0,290.568718s,315.022000s,34.301562s,949.022932s,12.219000s,0.000000s,MapReduce,completed,1
e984065f-1b28e00d-3f403e8-4bde3b13,3,0,310.296634s,315.028000s,6.580427s,9.893997s,4.236000s,0.000000s,Merge,completed,1
622adb0f-c42e15b0-3f403e8-75d0d007,50,0,298.509617s,316.648000s,20.824052s,598.113975s,17.888000s,0.000000s,Map,completed,1
182e41f0-c19a5cd0-3f403e8-aed5f632,3,0,308.958438s,318.401000s,10.436499s,24.352998s,8.623000s,0.000000s,Map,failed,1
2db71e21-b7ac3fba-3f403e8-69922ee0,1,0,315.058057s,319.463000s,5.222086s,3.671000s,3.671000s,0.000000s,Merge,completed,1
5b90b175-386fc881-3f403e8-4dde60fc,1,0,314.066614s,319.509000s,6.255506s,4.714999s,4.715000s,0.000000s,Merge,completed,1
a5ec744f-88b077ed-3f403e8-31f5dad4,119,0,282.233244s,319.906000s,48.036483s,1153.535922s,25.668000s,0.000000s,MapReduce,completed,1
ad3fb46-c0a32668-3f403e8-8492ab3c,1,0,316.365798s,320.110000s,4.624672s,3.317000s,3.317000s,0.000000s,Sort,completed,1
7f2f53bb-20f89e1d-3f403e8-7d9f884e,3,0,297.749883s,321.061000s,24.972569s,44.071998s,22.308000s,0.000000s,Map,completed,1
ec33c19d-91424c2b-3f403e8-5866138d,1,0,316.911788s,321.465000s,5.766395s,3.669000s,3.669000s,0.000000s,Merge,completed,1
ae401a2c-9c3dd2ff-3f403e8-51c00a61,119,0,277.150045s,321.727000s,55.544243s,1627.264942s,27.033000s,0.000000s,MapReduce,completed,1
669f1ac9-40124b7f-3f403e8-b7fc9741,1,0,319.187002s,321.770000s,2.921948s,1.952999s,1.953000s,0.000000s,Sort,failed,1
1d3840d6-83e6baa6-3f403e8-b8b345b6,147,0,292.658609s,322.113000s,37.611889s,1138.302924s,17.153000s,0.000000s,MapReduce,completed,1
1c00d7db-faeefb03-3f403e8-ecf8e442,188,0,238.579792s,322.424000s,288.593632s,8502.609927s,75.770000s,0.000000s,Map,completed,1
6549b9fa-a0f8da6e-3f403e8-c4e66f96,50,0,309.927566s,322.892000s,14.012784s,515.833966s,12.110000s,0.000000s,Map,completed,1
7531ac4c-64f9a880-3f403e8-9fcb97d1,674,0,0.000000s,322.921000s,459.614495s,5234.595674s,308.782000s,0.000000s,MapReduce,completed,0
66359f38-a0eb83dc-3f403e8-66487817,1,0,320.206344s,323.662000s,4.663178s,2.858999s,2.859000s,0.000000s,Sort,completed,1
4db49b41-645ebb8c-3f403e8-64bc40f5,1,0,318.469296s,324.389000s,7.920966s,5.591000s,5.591000s,0.000000s,Merge,completed,1
55ded312-223d62be-3f403e8-98e04afc,2,0,310.247649s,324.630000s,18.804299s,13.169998s,8.357000s,0.000000s,MapReduce,completed,1
180b3291-e9e8f9bd-3f403e8-2c345f27,4,0,308.456062s,324.741000s,19.963611s,29.046998s,8.721000s,0.000000s,MapReduce,completed,1
ebf7f9d8-95003951-3f403e8-25f6a9f2,1,0,320.885402s,325.563000s,5.578989s,3.756999s,3.757000s,0.000000s,Merge,completed,1
d25c178-e3e90094-3f403e8-8665974e,1,0,322.581374s,326.113000s,5.616084s,3.305999s,3.306000s,0.000000s,Merge,completed,1
f351b299-4b9290d3-3f403e8-e13e2609,1,0,313.898467s,326.114000s,13.664067s,11.323999s,11.324000s,0.000000s,Map,completed,1
b659ccbf-84ebb8ad-3f403e8-3c9bd34c,1,0,323.469201s,327.285000s,5.966182s,3.468000s,3.468000s,0.000000s,Merge,completed,1
ebad5707-9793d31d-3f403e8-7e80f2cc,1,0,321.851984s,328.589000s,7.926934s,5.781999s,5.782000s,0.000000s,Merge,completed,1
8ce7a89b-79d74a5f-3f403e8-edd590ef,1,0,320.076126s,328.733000s,9.911877s,7.930000s,7.930000s,0.000000s,Merge,completed,1
e846dc0c-6fe77be9-3f403e8-1ac164b7,1,0,313.112528s,328.745000s,16.562915s,14.955000s,14.955000s,0.000000s,Sort,completed,1
d428848b-fad4c5b1-3f403e8-13ed0241,1,0,325.040547s,329.181000s,5.155795s,3.364000s,3.364000s,0.000000s,Merge,completed,1
90f1368a-bda78c10-3f403e8-9a395408,1,0,326.377245s,329.513000s,4.115481s,2.694999s,2.695000s,0.000000s,Merge,completed,1
c5ca0a53-db360a96-3f403e8-81f19fe3,1,0,327.057888s,334.174000s,8.933607s,6.349999s,6.350000s,0.000000s,Map,completed,1
db6817d7-ebd759ee-3f403e8-6bed6048,1,0,328.565013s,334.484000s,8.436943s,5.661999s,5.662000s,0.000000s,Map,completed,1
9de85d59-b11f38d5-3f403e8-17b9d88d,2,0,244.186353s,335.352000s,164.401607s,156.308999s,90.742000s,0.000000s,Merge,completed,1
83518968-e1753054-3f403e8-c6de8f81,1,0,330.133374s,336.099000s,7.310678s,5.273000s,5.273000s,0.000000s,Map,completed,1
8682a293-3f90ff3-3f403e8-5a3a39cc,1,0,330.096979s,336.598000s,7.993139s,5.771999s,5.772000s,0.000000s,Map,completed,1
802f7c39-e4927bc6-3f403e8-3cccb93,1,0,315.852224s,338.316000s,23.870723s,21.522999s,21.523000s,0.000000s,Map,completed,1
2f6ebe91-a56686bb-3f403e8-5b7a1e5e,1,0,335.242346s,338.676000s,4.011005s,2.834999s,2.835000s,0.000000s,Sort,failed,1
bac2b19a-4dfdee9f-3f403e8-b1312941,23,0,296.456686s,339.118000s,51.997480s,402.986991s,24.004000s,0.000000s,MapReduce,completed,1
9e574ea7-9a3bd0f2-3f403e8-a988de81,1,0,333.111813s,341.821000s,10.201553s,7.981000s,7.981000s,0.000000s,Map,completed,1
d6cdebc7-bc71df39-3f403e8-6c6b564,1,0,337.698828s,344.062000s,8.832479s,6.216000s,6.216000s,0.000000s,Map,completed,1
7b93c322-79e174b2-3f403e8-d2b2a926,1,0,317.661561s,347.500000s,37.106744s,29.704000s,29.704000s,0.000000s,Merge,completed,1
98eac6c5-72d57146-3f403e8-adc8a213,1,0,340.790816s,347.650000s,9.484285s,6.794000s,6.794000s,0.000000s,Map,completed,1
ec692274-61802e32-3f403e8-4ee47db2,1,0,336.253382s,348.143000s,13.386775s,11.301000s,11.301000s,0.000000s,Map,completed,1
c076cbf4-100e314b-3f403e8-d82e1d9,291,1,0.000000s,348.202000s,600.000000s,42931.202846s,338.984000s,59.252000s,Map,completed,0
9bc23eae-28a3a6b2-3f403e8-553d315,6,0,330.974280s,350.463000s,21.682950s,66.308996s,14.820000s,0.000000s,Map,completed,1
5872059d-5c143e82-3f403e8-111ef835,4,0,334.539867s,350.609000s,18.554573s,59.989999s,15.759000s,0.000000s,Map,completed,1
ee08821c-b9aec8fe-3f403e8-bcf0d481,2,0,331.288252s,351.134000s,21.253801s,35.000999s,19.306000s,0.000000s,Map,completed,1
73787549-25940c58-3f403e8-c5505f4a,2887,0,0.000000s,353.330000s,384.261451s,535914.635580s,272.255000s,0.000000s,JoinReduce,completed,0
b1050eb2-d24d35ba-3f403e8-30524149,2,0,340.905742s,353.537000s,14.481774s,22.844999s,11.680000s,0.000000s,Map,completed,1
99f21c3a-ff65d72e-3f403e8-6742071,10,0,336.220866s,355.200000s,20.529170s,158.100996s,18.358000s,0.000000s,Map,completed,1
a489b726-b207b9f7-3f403e8-a5cc1692,3,0,298.595169s,356.113000s,59.683721s,125.268000s,57.360000s,0.000000s,Map,completed,1
868f8989-d544e793-3f403e8-e685d73f,27,0,340.989491s,356.814000s,22.398785s,111.445989s,7.648000s,0.000000s,Sort,failed,1
b762f01d-3c618e4c-3f403e8-b4a92cdd,329,0,306.814182s,357.319000s,293.185818s,10532.087859s,49.534000s,0.000000s,Map,completed,0
c114d815-a991e1d-3f403e8-eadd129a,6,0,340.708030s,357.682000s,25.064169s,77.723996s,16.826000s,0.000000s,Map,completed,1
7d510b9a-7ec8962a-3f403e8-a5fd176,45,0,258.178878s,359.524000s,107.759299s,2119.950980s,80.838000s,0.000000s,MapReduce,failed,1
3d255a6e-41019e47-3f403e8-c1f4e7dc,21,0,0.000000s,361.198000s,415.643084s,4903.336993s,309.474000s,0.000000s,Map,completed,0
6f43b02e-27197940-3f403e8-b6c14332,2,0,316.158501s,365.858000s,55.903083s,90.482999s,49.065000s,0.000000s,Merge,completed,1
7ec010dc-334fd08-3f403e8-67a12218,1,0,359.734007s,366.180000s,9.249767s,6.257999s,6.258000s,0.000000s,Map,completed,1
a5c2832f-b5f9cc1d-3f403e8-1586efe5,1,0,319.347431s,369.644000s,56.567336s,49.826999s,49.827000s,0.000000s,Merge,completed,1
d604c5b5-58cc1fde-3f403e8-aaabed60,4,0,355.773807s,370.330000s,17.141328s,51.246996s,14.434000s,0.000000s,Map,completed,1
e7c97e71-94c2f979-3f403e8-b1989407,57,0,330.316882s,370.401000s,67.502430s,556.405955s,29.545000s,0.000000s,MapReduce,completed,1
dc1ec892-fa24de82-3f403e8-288f3987,7,0,329.867177s,370.536000s,44.035847s,145.947994s,28.494000s,0.000000s,Map,completed,1
ab9ab349-9be80910-3f403e8-8085c2b,1,0,366.818131s,370.743000s,6.250798s,3.810999s,3.811000s,0.000000s,Sort,completed,1
993ec602-7da0751-3f403e8-4aed6e04,346,0,327.908449s,372.278000s,272.091551s,10116.449945s,43.239000s,0.000000s,Map,completed,0
5ec3ba36-82e63a2b-3f403e8-59728c41,226,0,346.518302s,372.433000s,30.710655s,2659.032884s,25.537000s,0.000000s,Map,completed,1
6ec9fe21-3f378f4-3f403e8-9daf01c6,1,0,368.418499s,375.242000s,7.642472s,5.956999s,5.957000s,0.000000s,Vanilla,completed,1
3d718b2-cc24ff24-3f403e8-d8024382,1,0,373.677615s,376.724000s,4.473036s,2.768000s,2.768000s,0.000000s,Merge,completed,1
9a578791-dea2ae9-3f403e8-dcebd7ca,5,0,322.947316s,376.772000s,55.252640s,121.402996s,52.955000s,0.000000s,Reduce,completed,1
722172b4-69cf9cde-3f403e8-24526634,1,0,372.743910s,377.562000s,7.117273s,4.620000s,4.620000s,0.000000s,Merge,completed,1
433710da-c01f2ab6-3f403e8-147252a2,1,0,375.520995s,379.221000s,5.182147s,3.267999s,3.268000s,0.000000s,Merge,completed,1
5ada98ba-1b705fe-3f403e8-bf461219,2,0,360.343691s,379.270000s,20.539917s,34.207997s,18.356000s,0.000000s,Map,completed,1
7de57c6c-1400e048-3f403e8-7d85a2ce,1,0,371.616609s,382.200000s,9.440419s,7.914999s,7.915000s,0.000000s,Vanilla,completed,1
cb6f1de1-fe3c4b5e-3f403e8-92bad33f,47,0,369.554928s,382.949000s,72.169666s,191.416976s,7.893000s,0.000000s,Sort,completed,1
18dfad95-7688b09b-3f403e8-fc583991,1,0,377.162341s,382.962000s,6.909114s,5.002000s,5.002000s,0.000000s,Merge,completed,1
ab277308-b2bb99bf-3f403e8-a19607a9,1,0,378.543769s,383.057000s,5.929056s,4.090000s,4.090000s,0.000000s,Merge,completed,1
e0122f0a-48edaf07-3f403e8-63d5aefe,1,0,379.356403s,383.163000s,5.116710s,3.196000s,3.196000s,0.000000s,Merge,completed,1
dfe35f29-2df53e4c-3f403e8-975a0ae4,1,0,380.862267s,384.541000s,5.865872s,3.570999s,3.571000s,0.000000s,Merge,completed,1
4994a44-4d892a55-3f403e8-b2c74741,1,0,381.707935s,386.241000s,5.827934s,4.269999s,4.270000s,0.000000s,Merge,completed,1
a71b5f86-24901b97-3f403e8-1885fb2d,5,0,372.860271s,386.690000s,17.350743s,39.643999s,13.748000s,0.000000s,Map,completed,1
4fd6c629-bc835f4d-3f403e8-8197cb10,1,0,380.012527s,388.128000s,8.003382s,5.927999s,5.928000s,0.000000s,Vanilla,completed,1
441a41d3-ab6880b5-3f403e8-e2789fb8,47,0,373.523625s,388.363000s,76.591697s,199.116978s,8.396000s,0.000000s,Sort,completed,1
5ddfa71f-19411f22-3f403e8-cab3ddf,47,0,374.457861s,389.506000s,79.394200s,197.359965s,7.535000s,0.000000s,Sort,completed,1
871dc043-bcbbe005-3f403e8-477046b4,1,0,380.124035s,389.822000s,11.009863s,8.851999s,8.852000s,0.000000s,Merge,completed,1
1d0d5db3-fc8c14-3f403e8-a5eae0f7,222,0,347.907323s,390.918000s,46.389064s,3597.504857s,42.032000s,0.000000s,Map,completed,1
139c56e1-8f710459-3f403e8-ddd3fb68,38,0,356.467845s,391.133000s,37.458250s,576.718982s,34.233000s,0.000000s,Map,completed,1
1b3dca90-8594841d-3f403e8-625d8cc6,50,0,375.385674s,391.192000s,17.725273s,513.655981s,15.235000s,0.000000s,Map,completed,1
e831cdba-4e379b94-3f403e8-79e12418,1,0,376.311818s,392.812000s,17.747959s,15.855000s,15.855000s,0.000000s,Merge,completed,1
c06d527b-b32fb830-3f403e8-744e5bb2,1,0,357.345669s,393.204000s,37.316499s,35.301000s,35.301000s,0.000000s,Map,completed,1
f2d8063d-453d4a82-3f403e8-d72f7f1,2,0,380.036939s,394.072000s,16.363088s,12.558998s,6.476000s,0.000000s,MapReduce,completed,1
2347049e-cb9cce3a-3f403e8-759c1d50,24,0,381.559638s,395.561000s,16.083531s,218.807982s,13.586000s,0.000000s,Map,completed,1
18d48c59-2a20ce58-3f403e8-3ae5fcf5,1,0,402.714797s,406.725000s,5.307699s,3.689998s,3.690000s,0.000000s,RemoteCopy,completed,1
f03efe70-a13fc497-3f403e8-a7111a04,1,0,402.714720s,408.061000s,6.954137s,5.025999s,5.026000s,0.000000s,Map,completed,1
ed4e4e38-33ebc379-3f403e8-1b3be833,1,0,377.894063s,413.041000s,42.758724s,35.080999s,35.081000s,0.000000s,Merge,completed,1
c174d2f-a929ce2d-3f403e8-7cdedf15,1,0,410.570954s,413.601000s,4.444492s,2.546999s,2.547000s,0.000000s,Merge,completed,1
72af3329-b8b32f31-3f403e8-dda9556f,4,0,400.450725s,413.675000s,16.227487s,20.741996s,6.548000s,0.000000s,MapReduce,completed,1
51834601-f841129e-3f403e8-2c467f00,5,0,387.766151s,413.955000s,29.798169s,36.747999s,15.934000s,0.000000s,MapReduce,failed,1
81d18d97-1039bb1e-3f403e8-11456251,1842,0,344.763997s,415.018000s,77.480386s,12033.910188s,24.590000s,0.000000s,RemoteCopy,completed,1
6dd9c179-f92c0ef0-3f403e8-787ffb37,4,0,403.557861s,415.093000s,15.799302s,21.286000s,5.812000s,0.000000s,MapReduce,completed,1
d1e43de-a769f799-3f403e8-8e42cd33,2,0,374.730046s,415.231000s,46.854389s,75.074999s,40.281000s,0.000000s,Merge,completed,1
a50e75ea-5038ecf0-3f403e8-b47247dc,82,0,0.000000s,416.916000s,333.266799s,22109.087962s,331.923000s,0.000000s,Merge,completed,0
648e4826-cf63ac1b-3f403e8-8274c447,3,0,389.525373s,417.747000s,29.758759s,55.199000s,27.747000s,0.000000s,Map,completed,1
abdc533b-e9cf85c3-3f403e8-dc9ddbf6,25,0,403.383205s,418.164000s,27.120630s,99.935991s,7.110000s,0.000000s,Sort,failed,1
4d3abcbe-de7b621e-3f403e8-907a87d2,13,0,221.652968s,419.073000s,200.955908s,418.386990s,191.502000s,0.000000s,MapReduce,completed,1
a78e8b29-cdc90410-3f403e8-94744ed2,36,0,399.846190s,419.569000s,28.730761s,287.121984s,13.874000s,0.000000s,MapReduce,completed,1
cf2f5e77-9081cdb0-3f403e8-134bbde7,4,0,403.777001s,420.263000s,22.190043s,29.697998s,8.206000s,0.000000s,MapReduce,completed,1
ae23505c-9463cdc8-3f403e8-d63c4f8,1,0,416.338526s,421.148000s,6.059345s,4.081000s,4.081000s,0.000000s,Merge,completed,1
3004ffba-4c84ff55-3f403e8-ad055e93,45,0,407.413394s,422.934000s,22.707878s,217.661960s,7.423000s,0.000000s,MapReduce,completed,1
cc681803-5445a684-3f403e8-4f0d71ca,11,0,409.493175s,423.806000s,17.447885s,57.831995s,6.739000s,0.000000s,MapReduce,completed,1
75536463-13a9000e-3f403e8-84278e37,2,0,407.247316s,424.509000s,19.571353s,15.455997s,9.018000s,0.000000s,MapReduce,completed,1
a1715352-fb7b3f93-3f403e8-1c4d919d,1,0,423.547400s,429.825000s,7.971181s,5.739000s,5.739000s,0.000000s,Map,completed,1
7b10ec68-e6be7c02-3f403e8-c8407c08,1,0,426.670754s,432.671000s,7.527036s,5.578999s,5.579000s,0.000000s,Map,completed,1
12034088-74b65c96-3f403e8-4a9908ff,125,0,413.618089s,433.526000s,27.977854s,607.118947s,11.444000s,0.000000s,MapReduce,completed,1
96039ff8-5ceb39c2-3f403e8-9fe23732,2,0,425.664125s,433.840000s,11.320285s,7.298998s,4.740000s,0.000000s,MapReduce,completed,1
4da0fddd-25281ff3-3f403e8-6e63ce9f,1,0,429.687084s,434.129000s,6.027634s,4.026999s,4.027000s,0.000000s,RemoteCopy,completed,1
ccb8f63e-e2f10555-3f403e8-c1458ce6,1,0,428.704792s,436.035000s,8.740890s,6.935000s,6.935000s,0.000000s,Map,failed,1
4eef7006-81c7f3da-3f403e8-a762dffc,1,0,432.099667s,436.971000s,7.729827s,4.863998s,4.864000s,0.000000s,Map,completed,1
241a4d5e-33857956-3f403e8-480f2015,1,0,432.695334s,438.232000s,7.591071s,5.121998s,5.122000s,0.000000s,Map,completed,1
9551c403-6d6a83b2-3f403e8-a769c847,1,0,431.921921s,438.362000s,9.114144s,6.254999s,6.255000s,0.000000s,Map,completed,1
2cf4ee92-c81010b9-3f403e8-fb67de96,177,0,369.680609s,439.198000s,230.319391s,6032.757917s,69.184000s,0.000000s,Map,completed,0
f32fc35b-182008a-3f403e8-cedaa87b,1,0,432.190664s,439.397000s,8.310016s,6.286999s,6.287000s,0.000000s,Sort,failed,1
39e10c1e-f9574d5-3f403e8-bb025ef,4,0,430.135505s,440.279000s,16.427372s,26.527997s,9.176000s,0.000000s,RemoteCopy,completed,1
a528f4cd-ac8173d1-3f403e8-e8635481,44,0,408.596320s,441.218000s,41.695506s,315.197984s,24.149000s,0.000000s,MapReduce,completed,1
34454bf0-f64f53d1-3f403e8-e684862e,1,0,438.793774s,442.010000s,4.260037s,2.865999s,2.866000s,0.000000s,Sort,completed,1
8b4e9f6d-ac1898cf-3f403e8-65c48933,1,0,435.863538s,442.102000s,8.984781s,5.980999s,5.981000s,0.000000s,Map,completed,1
e3ad7e2-d82e5fc1-3f403e8-65825fb8,1,0,438.745494s,442.125000s,4.840599s,2.980999s,2.981000s,0.000000s,Merge,completed,1
79109a10-45295c09-3f403e8-9d9f500c,9,0,340.793826s,442.335000s,246.523924s,713.203993s,101.478000s,0.000000s,Merge,completed,1
8a85e268-3f737a85-3f403e8-62800f1b,3216,0,374.605032s,443.909000s,142.055037s,119874.758420s,68.617000s,0.000000s,Reduce,completed,1
e6eab7c7-b272cc43-3f403e8-120ba642,1,0,442.358384s,444.702000s,3.176740s,1.555999s,1.556000s,0.000000s,Sort,failed,1
1cb64865-1723324d-3f403e8-44d7e1a5,125,0,397.210554s,445.853000s,55.931529s,1725.996910s,24.401000s,0.000000s,MapReduce,completed,1
c6bc8b0-82f54667-3f403e8-54f0de8e,143,0,371.898331s,447.497000s,80.889454s,3314.489908s,75.556000s,0.000000s,Map,completed,1
850c26c3-dbc4f765-3f403e8-9de56d58,1,0,445.531480s,449.423000s,5.378270s,3.266000s,3.266000s,0.000000s,Merge,completed,1
f6295104-bca4bb52-3f403e8-e1b103c8,1,0,444.727981s,449.592000s,6.181655s,4.438999s,4.439000s,0.000000s,Merge,completed,1
6e9d591e-3316ac19-3f403e8-9f770537,1,0,443.698331s,451.330000s,8.929075s,7.045000s,7.045000s,0.000000s,Vanilla,completed,1
54123ab0-c174ed64-3f403e8-6319a6b1,1,0,446.803604s,453.777000s,8.904546s,6.617000s,6.617000s,0.000000s,Map,completed,1
4f40c217-9175b487-3f403e8-da6afa95,4,0,428.975041s,454.392000s,28.434798s,73.624001s,25.292000s,0.000000s,Map,completed,1
51d5493e-396ac8d3-3f403e8-943156b5,151,0,417.662324s,458.221000s,48.074774s,1239.893932s,24.406000s,0.000000s,MapReduce,completed,1
1c895236-c9cbed20-3f403e8-745a6a99,2,0,450.557770s,458.504000s,10.315110s,7.182000s,4.316000s,0.000000s,MapReduce,completed,1
be5624d1-a4813dfa-3f403e8-8c292db9,50,0,441.330259s,459.061000s,20.103017s,555.998979s,16.915000s,0.000000s,Map,completed,1
28efc91c-e2f327f3-3f403e8-e4c94687,1,0,448.761358s,460.509000s,13.011858s,11.325999s,11.326000s,0.000000s,Merge,completed,1
547ba84b-cb8744bb-3f403e8-4d1c6fc2,1,0,446.923985s,462.374000s,15.885063s,13.088999s,13.089000s,0.000000s,Vanilla,completed,1
88e80507-f37f436-3f403e8-2a18746f,1,0,459.733882s,465.070000s,6.970591s,4.873999s,4.874000s,0.000000s,Map,completed,1
f338c1f0-1c1a9444-3f403e8-eb8d8fb4,1,0,460.391970s,466.628000s,7.706001s,5.428999s,5.429000s,0.000000s,Map,completed,1
a7659643-d142d6f2-3f403e8-4607f925,26,0,184.902049s,468.424000s,288.244711s,632.598981s,274.953000s,0.000000s,MapReduce,completed,1
bf37629d-42a43c17-3f403e8-99fb5656,1,0,455.320622s,469.225000s,12.047320s,9.939999s,9.940000s,0.000000s,Vanilla,completed,1
a70f9037-39a50bef-3f403e8-ad9cd743,1,0,466.193253s,469.552000s,4.979676s,3.337999s,3.338000s,0.000000s,Sort,failed,1
6943be26-d8743b93-3f403e8-88365c5,102,0,430.518903s,477.294000s,121.730112s,1236.434948s,31.137000s,0.000000s,MapReduce,completed,1
f5d072e8-d09be87c-3f403e8-adc7db6b,164,0,437.339103s,477.757000s,162.660897s,4293.548930s,39.629000s,0.000000s,Map,completed,0
d7ddd524-e84b63b6-3f403e8-e0a4e3c1,24,0,401.768608s,481.053000s,86.273568s,980.350978s,58.768000s,0.000000s,Map,completed,1
84d11e0a-901a7ff5-3f403e8-9ba447a9,95,0,431.404101s,482.698000s,130.593410s,1224.117935s,35.538000s,0.000000s,MapReduce,completed,1
5a185b4e-c4527f9-3f403e8-dc766209,1,0,470.398811s,483.577000s,14.883913s,12.349000s,12.349000s,0.000000s,Map,completed,1
460ed83c-675cf24c-3f403e8-e70cc58b,2,0,468.207765s,484.037000s,20.148666s,15.538998s,7.793000s,0.000000s,MapReduce,completed,1
93092ab6-e2a5bbeb-3f403e8-adb33171,2,0,467.995994s,484.499000s,21.003512s,15.728997s,8.255000s,0.000000s,MapReduce,completed,1
fe09a22f-c51b0360-3f403e8-856dc9c6,25,0,469.190479s,485.808000s,25.667456s,182.736982s,10.812000s,0.000000s,MapReduce,completed,1
d46f99ea-bbde0cd4-3f403e8-e807c344,9,0,424.766090s,488.496000s,67.766426s,205.263993s,38.327000s,0.000000s,MapReduce,completed,1
b08850f2-9bcafb30-3f403e8-87912d2b,1,0,465.315792s,488.516000s,24.811388s,22.301999s,22.302000s,0.000000s,Map,completed,1
8d3f0c4e-52259d1c-3f403e8-852c2e33,59,0,472.604453s,489.703000s,26.094952s,354.050961s,9.734000s,0.000000s,MapReduce,completed,1
348a0cf0-822b2cb0-3f403e8-c219354a,103,0,484.042950s,493.293000s,15.852539s,332.338940s,8.966000s,0.000000s,Map,completed,1
2f529077-2cc0001d-3f403e8-d3b4f7f2,32,0,0.000000s,494.629000s,600.000000s,6679.176955s,494.612000s,0.000000s,Merge,completed,0
c8b3d57a-235dc09a-3f403e8-7e837ac,1,0,494.509600s,498.841000s,5.450981s,3.544999s,3.545000s,0.000000s,Sort,completed,1
9f8017e2-4dd1624-3f403e8-700f2294,118,0,472.962118s,500.324000s,35.908090s,1118.956938s,14.127000s,0.000000s,MapReduce,completed,1
308068c1-1b078305-3f403e8-a95705a1,57,0,453.286673s,501.145000s,50.186484s,1907.232973s,46.903000s,0.000000s,Map,completed,1
886f4b52-13f35451-3f403e8-d0289a50,1,0,496.180413s,502.034000s,8.621291s,5.733998s,5.734000s,0.000000s,Map,completed,1
741556a6-9e2644e5-3f403e8-824dee4,1,0,498.895607s,502.498000s,5.097372s,3.178000s,3.178000s,0.000000s,Sort,completed,1
24eb249f-a1568078-3f403e8-8c510b9b,8,0,478.359527s,503.464000s,26.885567s,45.369994s,19.200000s,0.000000s,MapReduce,failed,1
e7580008-c1d8743d-3f403e8-5d28c545,1,0,499.958515s,503.984000s,5.328074s,3.673999s,3.674000s,0.000000s,Sort,completed,1
a66491ac-13feccce-3f403e8-d78bad54,1,0,463.555978s,505.798000s,48.452414s,41.587999s,41.588000s,0.000000s,Merge,completed,1
cb236b19-c17e9de1-3f403e8-6359358f,1,0,501.783842s,506.495000s,6.224122s,4.178999s,4.179000s,0.000000s,Merge,completed,1
78756d83-87c0a6ea-3f403e8-e8e8920d,1,0,503.872770s,507.085000s,4.665886s,2.759999s,2.760000s,0.000000s,Merge,completed,1
52b2a946-9d45cdfb-3f403e8-5abac3bd,119,0,474.722730s,508.050000s,46.115967s,1121.233943s,22.593000s,0.000000s,MapReduce,completed,1
33fef0dc-86b75379-3f403e8-b0058524,1,0,505.248207s,510.558000s,7.987503s,5.235999s,5.236000s,0.000000s,Map,completed,1
ffd0f5f7-adf88a11-3f403e8-60dd29b4,753,0,451.199561s,512.413000s,129.559094s,10368.390792s,30.117000s,0.000000s,Sort,completed,1
70e79872-c5ca0acb-3f403e8-80ddd334,1,0,506.969253s,512.588000s,7.126637s,5.259999s,5.260000s,0.000000s,Map,completed,1
70713c87-d910fc8e-3f403e8-36da7332,676,0,484.734976s,514.693000s,115.265024s,3221.244703s,29.385000s,0.000000s,Map,completed,0
908e82d6-fb3a271e-3f403e8-2087d76f,1,0,506.539622s,515.439000s,10.966222s,8.110999s,8.111000s,0.000000s,Map,completed,1
d819fd20-992888d8-3f403e8-b0780d05,29,0,491.145244s,517.736000s,95.094487s,189.997974s,19.426000s,0.000000s,Sort,completed,1
14537ebe-62bd5eee-3f403e8-694ab896,1,0,512.586546s,518.876000s,7.824073s,5.533999s,5.534000s,0.000000s,Map,completed,1
5bdb2210-e911c08e-3f403e8-372775f9,119,0,470.752277s,522.438000s,60.828757s,1646.841956s,30.347000s,0.000000s,MapReduce,completed,1
48f0c6f5-6c67ceb8-3f403e8-94ed8eff,3,0,498.987902s,522.754000s,25.586004s,39.252000s,23.416000s,0.000000s,Map,completed,1
b54b8e7c-56cfdaac-3f403e8-47dceaab,1,0,515.790987s,523.288000s,9.265608s,6.934999s,6.935000s,0.000000s,Map,completed,1
c449c7e1-e936729c-3f403e8-fb96fae4,27,0,473.984210s,523.784000s,57.653420s,566.696988s,36.571000s,0.000000s,Map,completed,1
2f46600a-3846a6e8-3f403e8-6ab85ca,2,0,502.401243s,525.518000s,27.305001s,22.166998s,15.009000s,0.000000s,MapReduce,completed,1
938d904c-8cb979f7-3f403e8-b16071,201,0,483.952568s,525.546000s,47.685450s,3577.172890s,41.156000s,0.000000s,Map,completed,1
2132944-32d17f28-3f403e8-d76d8def,2,0,501.731891s,526.015000s,27.627362s,22.857999s,16.204000s,0.000000s,MapReduce,completed,1
a510017e-f89e34e8-3f403e8-9df93326,1,0,517.591552s,526.858000s,11.098009s,8.497999s,8.498000s,0.000000s,Map,completed,1
4d9e6f34-c5bf167b-3f403e8-73535955,1,0,518.947082s,528.162000s,10.345847s,8.797999s,8.798000s,0.000000s,Vanilla,completed,1
c64deda1-8abf0cbb-3f403e8-b7a8939,222,0,498.449257s,529.838000s,36.293894s,2736.222926s,30.518000s,0.000000s,Map,completed,1
846af367-83e766fa-3f403e8-71331c86,149,0,498.320755s,535.126000s,45.921178s,1048.996895s,21.776000s,0.000000s,MapReduce,completed,1
112bb322-fc882c98-3f403e8-91ba3263,44,0,437.576815s,537.340000s,132.049004s,2166.097983s,79.403000s,0.000000s,MapReduce,failed,1
df7d1d75-8d44bef9-3f403e8-3c850c81,1,0,530.577970s,537.767000s,8.555224s,6.305000s,6.305000s,0.000000s,Vanilla,completed,1
e7524fa5-6bc73554-3f403e8-7277c9c2,2,0,527.751294s,540.320000s,14.407126s,23.101997s,11.935000s,0.000000s,Map,completed,1
a5b7c3e2-739fa50c-3f403e8-2047dab7,1,0,536.253052s,541.803000s,8.121946s,5.395999s,5.396000s,0.000000s,Map,completed,1
1f21f58c-54fdaa71-3f403e8-d1a040b0,2,0,530.615663s,542.767000s,16.190012s,10.600998s,6.360000s,0.000000s,MapReduce,completed,1
8b61d2cb-383a5a00-3f403e8-91369c93,2,0,0.000000s,543.676000s,600.000000s,594.499999s,541.684000s,0.000000s,Map,completed,0
29acadfb-ef596087-3f403e8-6656a69e,2,0,531.021116s,545.007000s,17.035205s,12.956998s,10.593000s,0.000000s,MapReduce,completed,1
3654ad6e-7463bbb-3f403e8-b64b2c0,1,0,537.175477s,545.246000s,9.998958s,7.481000s,7.481000s,0.000000s,Vanilla,completed,1
439c1240-be483639-3f403e8-a5639aed,1,0,539.914185s,545.934000s,7.932729s,5.516999s,5.517000s,0.000000s,Map,completed,1
5b773054-4b693765-3f403e8-f179f937,25,0,503.593007s,546.149000s,46.995255s,326.460989s,21.774000s,0.000000s,MapReduce,completed,1
179b4fd1-2f456957-3f403e8-8e17e613,98,0,516.796944s,548.407000s,46.961456s,824.614928s,18.015000s,0.000000s,MapReduce,completed,1
62a4f002-c8410d3c-3f403e8-9db5f68,238,0,493.657747s,548.868000s,66.348471s,3303.746808s,28.377000s,0.000000s,MapReduce,completed,1
8076fca7-bb4ca06b-3f403e8-32325969,4,0,523.409113s,550.565000s,29.292977s,51.784998s,26.191000s,0.000000s,Map,completed,1
3d135973-43e8ca0f-3f403e8-2a9983b9,2,0,532.815500s,552.412000s,21.146951s,29.156998s,19.013000s,0.000000s,Map,completed,1
33fd6c39-8c23d4ab-3f403e8-528bb57d,2,0,154.587337s,553.151000s,400.280418s,449.910998s,397.776000s,0.000000s,Reduce,completed,1
373cfd15-cb109040-3f403e8-2c6a89ec,126,0,474.993506s,554.296000s,89.203221s,2929.772929s,69.107000s,0.000000s,MapReduce,completed,1
200f18e1-6f1048f-3f403e8-24a1be35,76,0,505.460956s,554.349000s,94.539044s,733.432955s,31.978000s,0.000000s,MapReduce,completed,0
216f79f4-c31d3061-3f403e8-4271abf0,97,0,520.709011s,554.407000s,43.996539s,784.169954s,21.487000s,0.000000s,MapReduce,completed,1
cda937f1-90929607-3f403e8-9cc11f78,37,0,519.526022s,555.129000s,37.502231s,624.211983s,34.751000s,0.000000s,Map,completed,1
47ce7345-f995902e-3f403e8-b7f4b301,1,0,540.531757s,556.088000s,17.452210s,14.666998s,14.667000s,0.000000s,Map,completed,1
260b085d-610444f8-3f403e8-e18d7552,1,0,553.714445s,556.153000s,3.268374s,1.661000s,1.661000s,0.000000s,Sort,failed,1
fc30bd05-4a54f4b5-3f403e8-c332d6d1,97,0,521.001026s,557.169000s,43.938942s,901.591955s,19.441000s,0.000000s,MapReduce,completed,1
d3c5e3a2-71ab601a-3f403e8-333c7ddb,1,0,551.242380s,557.368000s,8.697685s,5.912999s,5.913000s,0.000000s,Map,completed,1
cc6aa647-a441fea2-3f403e8-820463e,5,0,538.735541s,558.334000s,21.554937s,74.242993s,18.920000s,0.000000s,Map,completed,1
f4089de1-8edc06af-3f403e8-55c6d803,1,0,554.479416s,559.127000s,5.854070s,3.661000s,3.661000s,0.000000s,Sort,completed,1
ff2012ef-5a34ee48-3f403e8-4e34abf7,97,0,524.002109s,559.172000s,43.863002s,862.805940s,22.884000s,0.000000s,MapReduce,completed,1
456d7c05-a8f087c1-3f403e8-8da94e48,1,0,543.108224s,559.357000s,18.000274s,15.928999s,15.929000s,0.000000s,Map,completed,1
66c3fd6e-dd196b58-3f403e8-9928771b,97,0,521.878857s,560.173000s,47.069370s,744.745943s,21.309000s,0.000000s,MapReduce,completed,1
b7d85a8b-f7090f2e-3f403e8-e67787a5,99,0,520.901434s,560.492000s,49.476435s,1103.829930s,23.888000s,0.000000s,MapReduce,completed,1
eb1d2c9c-2ab93cd-3f403e8-c53fff24,97,0,519.987060s,560.655000s,50.445479s,1026.692957s,22.685000s,0.000000s,MapReduce,completed,1
2820482a-df043025-3f403e8-81d487bf,98,0,517.787372s,561.116000s,51.297174s,778.081929s,29.741000s,0.000000s,MapReduce,completed,1
1ef4d338-76166dc4-3f403e8-43d5e5fa,97,0,530.176495s,562.093000s,45.549800s,671.665942s,23.129000s,0.000000s,MapReduce,completed,1
190a9687-22bec501-3f403e8-699080b1,98,0,520.734372s,563.932000s,50.431974s,835.226959s,21.486000s,0.000000s,MapReduce,completed,1
1be27f65-eb0cc639-3f403e8-961b1e11,1,0,555.775654s,564.184000s,9.930006s,7.716999s,7.717000s,0.000000s,Map,completed,1
15dd6e37-63d30656-3f403e8-7c222869,28,0,511.754128s,565.420000s,72.420832s,538.845979s,38.127000s,0.000000s,MapReduce,completed,1
c1e47acd-ce83272c-3f403e8-7f86e74b,3,0,0.000000s,565.952000s,600.000000s,621.986997s,541.685000s,0.000000s,Map,completed,0
860d75b-425e1935-3f403e8-5fff0836,97,0,523.408941s,566.195000s,49.866936s,1094.997937s,29.336000s,0.000000s,MapReduce,completed,1
5e9b0214-12765fb5-3f403e8-7ba8fea0,1,0,557.653120s,566.613000s,10.471671s,8.138998s,8.139000s,0.000000s,Map,completed,1
6784937c-d7451843-3f403e8-3c05e346,111,0,555.065200s,566.742000s,19.866609s,366.976943s,11.267000s,0.000000s,Map,completed,1
9999f5f0-5dce9632-3f403e8-d12a7ee,3,0,492.708435s,567.223000s,107.291565s,122.964997s,73.934000s,0.000000s,Merge,completed,0
7f8c820c-28e0c7ae-3f403e8-2cbcfd6,4,0,561.473980s,572.932000s,14.252155s,20.675996s,5.657000s,0.000000s,MapReduce,completed,1
e94fbd8e-7a752303-3f403e8-fbfaf31e,1634,0,556.053375s,574.324000s,43.946625s,11086.668209s,17.832000s,0.000000s,Reduce,completed,0
f1d88f5b-763fb54d-3f403e8-2e49cdb7,34,0,557.840336s,576.290000s,30.955966s,168.769988s,11.719000s,0.000000s,Sort,failed,1
79d9f173-2e1c9950-3f403e8-2370a607,1,0,565.769518s,577.845000s,13.240589s,11.352999s,11.353000s,0.000000s,Sort,completed,1
b38ee985-849c043c-3f403e8-e1956b63,35,0,555.530856s,578.967000s,31.093532s,263.410975s,11.172000s,0.000000s,MapReduce,completed,1
28f4efb3-ea7c3a0b-3f403e8-df384750,1,0,544.486049s,579.056000s,36.601046s,33.620999s,33.621000s,0.000000s,Map,completed,1
d6800788-2aab6b04-3f403e8-44bf8155,1,0,561.466526s,579.250000s,20.492227s,17.765999s,17.766000s,0.000000s,Map,completed,1
d7750343-7f8303f9-3f403e8-4c9511d7,4,0,563.387361s,579.618000s,18.847022s,26.013999s,9.316000s,0.000000s,MapReduce,completed,1
fa59b7c7-fd698e9a-3f403e8-63142440,73,0,558.714233s,580.619000s,41.285767s,434.706955s,10.814000s,0.000000s,MapReduce,completed,0
5425faf6-43e5f482-3f403e8-7ea705e2,1,0,576.575817s,581.091000s,5.741952s,3.573999s,3.574000s,0.000000s,Sort,completed,1
a9f88e9d-22240f72-3f403e8-872145ae,3,0,569.709331s,581.615000s,13.394838s,28.238997s,11.115000s,0.000000s,Map,completed,1
4b9d0db4-340354db-3f403e8-6856b244,1252,0,478.807592s,582.668000s,121.192408s,45177.272351s,62.766000s,0.000000s,MapReduce,completed,0
d6e53915-8b01c8bc-3f403e8-2aa9c911,2,0,568.910842s,583.099000s,15.824462s,24.146998s,13.600000s,0.000000s,Map,completed,1
8d776746-de073b7b-3f403e8-42150db,4,0,562.475218s,584.092000s,25.778463s,34.672997s,11.585000s,0.000000s,MapReduce,completed,1
c2866ef9-885ee289-3f403e8-f2c92eef,98,0,520.299674s,584.333000s,75.125551s,1699.357940s,33.515000s,0.000000s,MapReduce,completed,1
c081970f-8a4aeac0-3f403e8-e752ab2c,24,0,562.650189s,585.375000s,24.667398s,253.214996s,21.883000s,0.000000s,Map,completed,1
d53fb158-aa737c1f-3f403e8-fb8688d1,37,0,566.746407s,585.377000s,29.374737s,190.148965s,11.033000s,0.000000s,Sort,failed,1
f184870f-e3f5f5c2-3f403e8-a27d7ac,1,0,579.063485s,585.496000s,8.187031s,5.970999s,5.971000s,0.000000s,Map,completed,1
ee3d8aa-79c184e7-3f403e8-850c4e08,147,0,556.541066s,586.131000s,38.745444s,1114.257907s,16.327000s,0.000000s,MapReduce,completed,1
70bf7c8f-37faec5a-3f403e8-d92729aa,58,0,556.157940s,587.201000s,43.842060s,453.864973s,20.579000s,0.000000s,Sort,completed,0
ff6c1967-d46ee089-3f403e8-2a8b0d17,1,0,578.156938s,587.818000s,11.375510s,9.296999s,9.297000s,0.000000s,Map,completed,1
3f23aaee-27ea768a-3f403e8-eacd1f43,1,0,582.640555s,589.065000s,8.055430s,5.525999s,5.526000s,0.000000s,Map,completed,1
be2b114a-3ea75424-3f403e8-f3d1d79c,1,0,575.661285s,589.458000s,15.352442s,12.943999s,12.944000s,0.000000s,Map,completed,1
dad5ee7c-c693d5ec-3f403e8-29401b0a,1,0,571.855812s,590.652000s,20.540953s,18.145000s,18.145000s,0.000000s,Map,completed,1
f10cb02-2f3aadc6-3f403e8-3f84f7ea,236,0,483.122044s,590.656000s,116.877956s,7954.968933s,70.071000s,0.000000s,MapReduce,completed,0
c09dcb2e-ae2a514b-3f403e8-4451d92a,1,0,543.338920s,591.175000s,50.626271s,47.747000s,47.747000s,0.000000s,Map,completed,1
2a6a8b0-61187a88-3f403e8-ddb71b5,7,0,576.294223s,591.430000s,17.796493s,88.999992s,14.916000s,0.000000s,Map,completed,1
a266c676-4b10c240-3f403e8-4d8b49a7,35,0,421.839951s,592.001000s,178.160049s,815.480986s,162.901000s,0.000000s,MapReduce,completed,0
7abda286-c7111f11-3f403e8-387940fd,17,0,534.659685s,592.407000s,65.340315s,145.428985s,48.979000s,0.000000s,Sort,completed,0
a9f08544-ad1cbae-3f403e8-895423b9,1,0,586.125759s,592.523000s,7.965162s,5.972999s,5.973000s,0.000000s,Map,completed,1
c560f78-1e94201e-3f403e8-855ae6e2,147,0,559.808592s,592.612000s,40.191408s,964.213891s,19.864000s,0.000000s,MapReduce,completed,0
d161312-8f5d9466-3f403e8-79c40d8b,125,0,559.014625s,592.654000s,40.985375s,1091.092933s,28.725000s,0.000000s,MapReduce,completed,0
aca6fc9a-aaef0b2e-3f403e8-7f28b97a,98,0,554.091658s,592.713000s,45.908342s,1173.448940s,30.856000s,0.000000s,MapReduce,completed,0
48299ae1-c58f93be-3f403e8-2878dd7d,43,0,569.194732s,593.676000s,30.805268s,260.721974s,16.155000s,0.000000s,MapReduce,completed,0
6daeb3da-43aa1edd-3f403e8-c30cbabc,19,0,525.360409s,593.811000s,74.639591s,1226.709996s,68.432000s,0.000000s,Merge,completed,0
9c38ad53-407094e8-3f403e8-c1b5ef2,36,0,587.547265s,593.862000s,12.452735s,213.436960s,6.306000s,0.000000s,Merge,completed,0
dcbea3d1-21e43b32-3f403e8-942cc1b2,45,0,580.968779s,593.947000s,19.031221s,284.992953s,12.412000s,0.000000s,MapReduce,completed,0
d7605985-87844c31-3f403e8-4584cf2b,45,0,586.369929s,594.727000s,13.630071s,307.334973s,8.177000s,0.000000s,MapReduce,completed,0
75b10daa-710bccff-3f403e8-234561d6,82,0,588.980330s,594.855000s,11.019670s,373.970970s,5.289000s,0.000000s,Merge,completed,0
a94b3232-b1e8e0a5-3f403e8-792cebfd,83,0,420.820438s,595.508000s,179.179562s,4696.267942s,138.295000s,0.000000s,MapReduce,completed,0
d08674f-45b09baa-3f403e8-5e21e1be,1,0,583.486289s,596.073000s,15.297840s,12.533999s,12.534000s,0.000000s,Map,completed,1
f84260f2-f3dd06dc-3f403e8-3e711cc3,9,0,431.885564s,596.314000s,168.114436s,186.082992s,160.193000s,0.000000s,MapReduce,completed,0
58e809fe-455ffb65-3f403e8-eb0454f2,2,0,588.345572s,596.348000s,11.654428s,7.395998s,3.781000s,0.000000s,MapReduce,completed,0
366cb7f0-93d590c4-3f403e8-b90fd381,67,0,514.911211s,596.521000s,85.088789s,2121.423961s,81.168000s,0.000000s,Map,completed,0
2ad29e35-451a3113-3f403e8-4ac6f960,8,0,315.349763s,596.891000s,284.650237s,2237.010995s,281.074000s,0.000000s,Reduce,completed,0
e91efe4e-f0af3b0c-3f403e8-513fb95a,2,0,568.422059s,598.667000s,31.577941s,60.339998s,30.170000s,0.000000s,Map,completed,0
160feb0c-f1ee206f-3f403e8-c1fd2078,2,0,578.471116s,598.786000s,21.528884s,40.529999s,20.265000s,0.000000s,Map,completed,0
582f1cae-272e2eb7-3f403e8-43554407,18,0,595.333981s,598.793000s,4.666019s,53.178986s,3.215000s,0.000000s,Map,completed,0
fd17df81-8b5ea0fa-3f403e8-ce170cf3,1,0,593.084453s,598.826000s,6.915547s,5.254000s,5.254000s,0.000000s,Map,completed,0
d60a87ec-6fc3e6f8-3f403e8-598527ba,2,0,590.517470s,598.944000s,9.482530s,16.768028s,8.384000s,0.000000s,Map,completed,0
a646ba41-31d0801b-3f403e8-f43cb529,1,0,595.573690s,599.000000s,4.426310s,3.421999s,3.422000s,0.000000s,Map,completed,0
ed03a4cb-936ac45f-3f403e8-d9889643,4,0,595.938941s,599.240000s,4.061059s,7.062996s,2.658000s,0.000000s,MapReduce,completed,0
1ae7cadc-b2a74c4f-3f403e8-18cbc1f1,1,0,581.837055s,599.763000s,18.162945s,17.227999s,17.228000s,0.000000s,Map,completed,0
8ed49660-b46597f4-3f403e8-43c693ef,120,0,562.482362s,599.843000s,37.517638s,2765.526954s,36.353000s,0.000000s,Map,completed,0
d50c5206-86d4f799-3f403e8-f6d3804a,1,0,589.003366s,599.929000s,10.996634s,10.370000s,10.370000s,0.000000s,Map,completed,0
2d3bf2c1-b330d154-3f403e8-415ca82e,5,0,566.513354s,599.950000s,33.486646s,162.269994s,32.454000s,0.000000s,Map,completed,0
e5f05e8c-e6c59819-3f403e8-b0947da0,1,0,594.181075s,599.990000s,5.818925s,5.415000s,5.415000s,0.000000s,Vanilla,completed,0
2bcd8207-7466169f-3f403e8-8facb4e9,2,0,590.125390s,599.992000s,9.874610s,18.760027s,9.432000s,0.000000s,Map,completed,0
24330f28-88d34607-3f403e8-fd7b1ab4,53,0,0.000000s,601.867000s,600.000000s,18067.614971s,600.000000s,0.000000s,Map,completed,0
277a7c94-2e0c4a3-3f403e8-5d831046,7,0,0.000000s,602.242000s,600.000000s,2518.940996s,600.000000s,0.000000s,MapReduce,completed,0
84742f1f-3b245691-3f403e8-3cb4bed4,16,0,0.000000s,602.296000s,600.000000s,5006.097994s,600.000000s,0.000000s,Map,aborted,0
164bac39-dab63588-3f403e8-e5a3e1e7,62,0,0.000000s,602.714000s,600.000000s,19271.116971s,600.000000s,0.000000s,Map,completed,0
8189e446-dbc1c16b-3f403e8-fb6955f0,5,0,0.000000s,603.164000s,600.000000s,2999.999998s,600.000000s,0.000000s,MapReduce,completed,0
92248c67-320f277c-3f403e8-e3a687a0,77,0,0.000000s,603.546000s,600.000000s,32587.505967s,600.000000s,0.000000s,Map,completed,0
2fe9dc1-7037948f-3f403e8-77a4da61,22,0,0.000000s,608.637000s,600.000000s,6998.307993s,600.000000s,0.000000s,MapReduce,completed,0
e914fd3b-e0b4f828-3f403e8-4fe8fc1,55,0,0.000000s,608.790000s,600.000000s,23380.427975s,600.000000s,0.000000s,Map,completed,0
1ccabf62-660a1819-3f403e8-6e0546f0,158,0,0.000000s,608.867000s,600.000000s,64449.498931s,600.000000s,0.000000s,MapReduce,completed,0
5cf43dc-5093f82e-3f403e8-db7810b2,2,0,0.000000s,609.688000s,600.000000s,609.096000s,600.000000s,0.000000s,Map,completed,0
b30b771a-b84aa8a0-3f403e8-68e16a14,178,0,0.000000s,615.550000s,600.000000s,34421.955907s,594.949000s,0.000000s,Map,completed,0
e32a6422-97908359-3f403e8-a58aa1ae,23,0,0.000000s,629.972000s,600.000000s,8602.749986s,583.005000s,0.000000s,Map,completed,0
d08d4c5b-7b37b2f1-3f403e8-d79ce360,36,0,52.738693s,637.995000s,547.261307s,18026.646985s,545.987000s,0.000000s,Map,aborted,0
b5e1b2c2-85da987c-3f403e8-84263ad0,288,0,0.000000s,700.290000s,600.000000s,140692.953871s,600.000000s,0.000000s,Merge,completed,0
79ae504e-32728252-3f403e8-c9c195d9,65,0,0.000000s,702.580000s,600.000000s,35818.423961s,600.000000s,0.000000s,Map,completed,0
1a972b25-1322a88a-3f403e8-55445d8b,36051,0,0.000000s,705.097000s,600.000000s,8767827.134331s,600.000000s,0.000000s,Reduce,completed,0
6caf3e26-fc001a1-3f403e8-6fe4e98e,14653,0,0.000000s,1005.459000s,600.000000s,102471.670839s,600.000000s,0.000000s,RemoteCopy,completed,0
